TransactionID,SaleDate,CustomerID,ProductID,StoreID,CampaignID,SaleAmount,DiscountPercent,payment type
1,5/4/2025,1034,2059,402,0,2048.2,21.00,Online
2,5/4/2025,1066,2048,403,1,321.87,11.00,Cash
3,5/4/2025,1116,2041,403,3,3216.84,7.00,Cash
4,5/4/2025,1071,2096,404,2,1613.23,6.00,Online
5,5/4/2025,1020,2060,401,0,408.38,13.00,Cash
6,5/4/2025,1089,2028,401,0,1275.88,6.00,Cash
7,5/4/2025,1193,2003,402,1,346.66,22.00,Cash
8,5/4/2025,1005,2079,402,1,855.49,24.00,Online
9,5/4/2025,1032,2060,401,1,735.08,0.00,Cash
10,5/4/2025,1119,2089,403,2,661.63,22.00,CreditCard
11,5/4/2025,1042,2077,401,,505.65,7.00,Cash
12,5/4/2025,1079,2013,401,2,0,6.00,Cash
13,5/4/2025,1147,2086,404,3,4470.5,9.00,CreditCard
14,5/4/2025,1183,2025,401,1,503.32,10.00,Cash
15,5/4/2025,1026,2089,403,0,413.52,6.00,CreditCard
16,5/4/2025,1144,2005,403,3,1715.12,1.00,Cash
17,5/4/2025,1169,2047,401,2,535.97,14.00,CreditCard
18,5/4/2025,1003,2053,404,0,3660.9,20.00,Cash
19,5/4/2025,1110,2046,404,1,30.09,13.00,Cash
20,5/4/2025,1111,2022,403,3,671.18,6.00,Cash
21,5/4/2025,1119,2055,403,2,?,21.00,Online
22,5/4/2025,1062,2011,403,3,1229.22,14.00,Online
23,5/4/2025,1062,2096,404,3,672.18,0.00,Online
24,5/4/2025,1086,2003,404,2,924.43,13.00,Online
25,5/4/2025,1046,2062,402,2,1981.95,5.00,Online
26,5/4/2025,1066,2043,403,2,698.76,17.00,CreditCard
27,5/4/2025,1142,2001,402,0,1237.05,0.00,Cash
28,5/4/2025,1061,2092,404,3,482.21,12.00,Cash
29,5/4/2025,1142,2097,402,3,4210.5,21.00,Online
30,5/4/2025,1165,2091,404,3,4528.95,0.00,Online
31,2023-13-01,1004,2011,403,1,737.53,25.00,Cash
32,5/4/2025,1103,2088,402,2,0,4.00,CreditCard
33,5/4/2025,1169,2074,403,3,0,4.00,CreditCard
34,5/4/2025,1141,2067,403,3,872.85,23.00,Online
35,5/4/2025,1190,2070,403,2,54.69,0.00,Cash
36,5/4/2025,1179,2058,403,2,1066.8,11.00,CreditCard
37,5/4/2025,1064,2029,401,1,12.16,25.00,Online
38,5/4/2025,1080,2015,402,1,3037.36,14.00,Cash
39,5/4/2025,1055,2094,404,2,1578.72,15.00,CreditCard
40,5/4/2025,1185,2075,403,0,0,7.00,Online
41,5/4/2025,9999,2037,402,2,288.11,25.00,Cash
42,5/4/2025,1045,2038,401,1,1667.72,22.00,Cash
43,5/4/2025,1070,2005,401,2,686.05,22.00,Cash
44,5/4/2025,1178,2016,404,0,0,21.00,CreditCard
45,5/4/2025,1003,2073,403,3,1498.29,23.00,Online
46,5/4/2025,1122,2056,403,1,944.5,11.00,Online
47,5/4/2025,1013,2032,404,0,2836.8,1.00,CreditCard
48,5/4/2025,1016,2051,404,0,117.32,1.00,Cash
49,5/4/2025,1147,2080,401,1,0,0.00,Cash
50,5/4/2025,1038,2072,403,0,840.6,21.00,CreditCard
51,5/4/2025,1063,2015,404,1,1214.95,2.00,Cash
52,5/4/2025,1198,2066,404,3,516.06,23.00,Cash
53,5/4/2025,1113,2038,404,2,2223.62,19.00,CreditCard
54,5/4/2025,1145,2079,401,0,1901.08,2.00,Cash
55,5/4/2025,1195,2026,402,2,507.74,8.00,Cash
56,5/4/2025,1169,2010,402,1,140.11,0.00,CreditCard
57,5/4/2025,1044,2070,401,1,0,25.00,Cash
58,5/4/2025,1000,2052,404,3,2193.78,21.00,CreditCard
59,5/4/2025,1074,2004,402,2,741.8,25.00,Cash
60,5/4/2025,1180,2036,404,0,217.98,0.00,Online
61,5/4/2025,1175,2029,403,1,36.48,4.00,Online
62,5/4/2025,1108,2014,402,1,221.67,24.00,Online
63,5/4/2025,1068,2018,401,0,2169.04,25.00,CreditCard
64,5/4/2025,1042,2039,403,3,2929.32,17.00,Cash
65,5/4/2025,1031,2059,403,3,0,10.00,Cash
66,5/4/2025,1069,2064,404,3,1470.2,24.00,Online
67,5/4/2025,1020,2076,401,3,4836.42,12.00,Cash
68,5/4/2025,1188,2041,403,0,1608.42,8.00,Online
69,5/4/2025,1023,2029,401,2,0,10.00,Cash
70,5/4/2025,1147,2005,402,3,0,24.00,CreditCard
71,5/4/2025,1132,2083,404,2,614.53,15.00,Cash
72,5/4/2025,1046,2074,404,3,659.5,18.00,CreditCard
73,5/4/2025,1023,2060,403,3,1225.14,8.00,CreditCard
74,5/4/2025,1085,2041,401,1,1447.58,4.00,Cash
75,5/4/2025,1084,2052,404,2,2925.04,2.00,Cash
76,5/4/2025,1169,2051,401,3,117.32,19.00,CreditCard
77,5/4/2025,1022,2040,403,2,55.26,11.00,CreditCard
78,5/4/2025,1029,2098,404,0,3631.44,4.00,CreditCard
79,5/4/2025,1168,2069,404,3,232.39,25.00,CreditCard
80,5/4/2025,1013,2024,403,3,372.81,23.00,Cash
81,5/4/2025,1160,2056,401,1,472.25,13.00,Online
82,5/4/2025,1068,2070,402,2,109.38,18.00,Online
83,5/4/2025,1112,2089,404,0,2067.6,17.00,Cash
84,5/4/2025,1007,2080,402,1,1498.07,5.00,CreditCard
85,5/4/2025,1079,2070,401,3,34.18,10.00,CreditCard
86,5/4/2025,1023,2028,401,3,2551.76,7.00,Cash
87,5/4/2025,1030,2082,402,3,799.8,4.00,CreditCard
88,5/4/2025,1183,2037,403,3,2160.84,6.00,Cash
89,5/4/2025,1123,2060,402,3,2450.28,16.00,Online
90,5/4/2025,1141,2018,404,1,2440.17,0.00,Online
91,5/4/2025,1153,2065,402,0,470.34,19.00,Cash
92,5/4/2025,1070,2098,404,2,0,12.00,Online
93,5/4/2025,1129,2034,401,2,108.94,12.00,Cash
94,5/4/2025,1185,2038,404,1,1667.72,16.00,CreditCard
95,5/4/2025,1114,2068,404,2,656.19,0.00,Cash
96,5/4/2025,1085,2070,404,3,0,19.00,Online
97,5/4/2025,1082,2024,402,3,372.81,4.00,Online
98,5/4/2025,1059,2099,404,0,1292.64,10.00,Cash
99,5/4/2025,1081,2095,404,3,490.79,8.00,CreditCard
100,5/4/2025,1098,2084,402,3,0,14.00,Online
101,5/4/2025,1009,2016,403,0,969.06,13.00,Online
102,5/4/2025,1112,2012,404,0,1869.57,18.00,CreditCard
103,5/4/2025,1184,2018,404,1,488.03,22.00,Online
104,5/4/2025,1019,2060,403,2,0,0.00,Cash
105,5/4/2025,1159,2088,404,0,0,18.00,Cash
106,5/4/2025,1084,2086,404,2,2861.12,22.00,CreditCard
107,5/4/2025,1160,2091,404,0,905.79,8.00,Online
108,5/4/2025,1158,2008,402,2,159.82,1.00,CreditCard
109,5/4/2025,1058,2095,401,3,2453.95,17.00,Online
110,5/4/2025,1025,2097,401,3,842.1,24.00,Online
111,5/4/2025,1042,2088,403,0,709.35,7.00,Online
112,5/4/2025,1011,2041,401,2,0,10.00,CreditCard
113,5/4/2025,1091,2047,404,1,0,8.00,Cash
114,5/4/2025,1062,2067,404,1,0,8.00,Cash
115,5/4/2025,1043,2022,401,3,2684.72,23.00,Online
116,5/4/2025,1158,2087,402,3,477.96,11.00,Online
117,5/4/2025,1149,2018,402,3,1626.78,3.00,CreditCard
118,5/4/2025,1163,2032,404,2,756.48,10.00,Online
119,5/4/2025,1170,2001,404,2,659.76,23.00,Cash
120,5/4/2025,1173,2069,402,0,464.78,23.00,Cash
121,5/4/2025,1113,2044,403,3,0,23.00,Online
122,5/4/2025,1176,2032,404,2,756.48,4.00,CreditCard
123,5/4/2025,1050,2049,404,0,2819.52,16.00,CreditCard
124,5/4/2025,1060,2048,403,2,1144.42,20.00,CreditCard
125,5/4/2025,1179,2037,401,3,1440.56,11.00,Online
126,5/4/2025,1070,2001,401,3,0,22.00,CreditCard
127,5/4/2025,1073,2099,402,2,0,20.00,Cash
128,5/4/2025,1056,2081,402,2,0,24.00,Online
129,5/4/2025,1173,2096,402,0,672.18,1.00,Online
130,5/4/2025,1160,2082,401,2,426.56,7.00,Cash
131,5/4/2025,1112,2004,403,1,1669.05,19.00,Cash
132,5/4/2025,1023,2037,403,3,2160.84,21.00,Cash
133,5/4/2025,1044,2025,402,2,223.7,18.00,Cash
134,5/4/2025,1135,2064,403,1,793.91,22.00,Online
135,5/4/2025,1065,2061,403,2,639.74,19.00,Online
136,5/4/2025,1029,2059,401,1,921.69,9.00,Cash
137,5/4/2025,1193,2028,404,2,1531.06,10.00,Online
138,5/4/2025,1023,2050,401,2,298.85,8.00,CreditCard
139,5/4/2025,1137,2015,404,2,539.98,14.00,CreditCard
140,5/4/2025,1172,2095,403,3,2453.95,3.00,Online
141,5/4/2025,1163,2047,401,1,301.48,12.00,Cash
142,5/4/2025,1120,2003,403,1,1039.99,24.00,Cash
143,5/4/2025,1165,2008,404,2,53.27,11.00,CreditCard
144,5/4/2025,1166,2052,401,1,658.13,13.00,CreditCard
145,5/4/2025,1011,2004,403,3,3709,15.00,Cash
146,5/4/2025,1029,2012,402,1,0,10.00,CreditCard
147,5/4/2025,1099,2058,403,3,666.75,8.00,Online
148,5/4/2025,1150,2095,402,3,490.79,19.00,Cash
149,5/4/2025,1167,2012,404,3,0,6.00,Cash
150,5/4/2025,1071,2004,403,1,834.52,25.00,Cash
151,5/4/2025,1113,2056,402,2,839.55,4.00,Online
152,5/4/2025,1025,2087,403,2,0,13.00,CreditCard
153,5/4/2025,1015,2050,403,1,504.31,18.00,Cash
154,5/4/2025,1031,2058,401,1,2400.3,5.00,Online
155,5/4/2025,1164,2081,401,0,2984.88,3.00,Cash
156,5/4/2025,1085,2031,402,1,508.77,15.00,CreditCard
157,5/4/2025,1017,2097,402,1,757.89,13.00,Cash
158,5/4/2025,1059,2042,402,0,0,24.00,CreditCard
159,5/4/2025,1070,2018,402,2,0,1.00,Online
160,5/4/2025,1044,2014,401,1,886.68,7.00,Online
161,5/4/2025,1003,2045,402,2,499.42,19.00,Online
162,5/4/2025,1004,2022,403,0,671.18,6.00,Online
163,5/4/2025,1032,2094,404,0,493.35,20.00,CreditCard
164,5/4/2025,1190,2008,404,3,266.36,17.00,Cash
165,5/4/2025,1199,2046,401,3,167.15,18.00,Cash
166,5/4/2025,1128,2028,401,2,2041.41,12.00,Cash
167,5/4/2025,1117,2082,401,0,799.8,8.00,Online
168,5/4/2025,1122,2051,404,0,234.64,0.00,CreditCard
169,5/4/2025,1125,2091,404,0,1811.58,21.00,Online
170,5/4/2025,1020,2041,402,0,0,23.00,CreditCard
171,5/4/2025,1032,2035,403,3,4499.95,3.00,CreditCard
172,5/4/2025,1152,2067,403,3,872.85,12.00,CreditCard
173,5/4/2025,1129,2077,404,0,2809.15,22.00,Online
174,5/4/2025,1179,2014,402,3,738.9,16.00,Online
175,5/4/2025,1115,2029,404,2,0,20.00,Online
176,5/4/2025,1116,2051,404,0,351.96,6.00,Cash
177,5/4/2025,1080,2054,403,2,3602.04,13.00,Online
178,5/4/2025,1095,2019,404,0,933.93,15.00,Online
179,5/4/2025,1023,2010,401,3,0,2.00,Cash
180,5/4/2025,1024,2095,403,1,3533.69,16.00,CreditCard
181,5/4/2025,1142,2007,403,0,583.39,16.00,CreditCard
182,5/4/2025,1105,2045,404,0,624.28,6.00,CreditCard
183,5/4/2025,1073,2076,403,2,1934.57,12.00,Online
184,5/4/2025,1026,2073,402,1,1797.95,4.00,Online
185,5/4/2025,1168,2061,402,0,599.76,3.00,Cash
186,5/4/2025,1089,2071,403,0,0,25.00,CreditCard
187,5/4/2025,1195,2035,402,3,0,15.00,CreditCard
188,5/4/2025,1143,2098,401,2,2178.86,12.00,Online
189,5/4/2025,1007,2023,403,2,751.63,17.00,CreditCard
190,5/4/2025,1086,2044,401,1,373.64,1.00,Online
191,5/4/2025,1036,2072,404,0,1260.9,8.00,Cash
192,5/4/2025,1036,2094,401,0,2466.75,23.00,Cash
193,5/4/2025,1191,2067,402,3,872.85,14.00,Online
194,5/4/2025,1107,2058,403,1,1800.22,10.00,CreditCard
195,5/4/2025,1094,2039,403,0,1952.88,15.00,Cash
196,5/4/2025,1013,2019,402,0,0,21.00,Online
197,5/4/2025,1172,2010,403,3,0,11.00,Cash
198,5/4/2025,1169,2054,404,3,900.51,18.00,CreditCard
199,5/4/2025,1106,2034,402,0,136.17,24.00,Cash
200,5/4/2025,1088,2055,401,2,129.46,16.00,CreditCard
201,5/4/2025,1173,2086,404,2,715.28,23.00,CreditCard
202,5/4/2025,1011,2028,404,0,0,8.00,CreditCard
203,5/4/2025,1001,2026,403,1,190.4,15.00,Online
204,5/4/2025,1196,2017,403,2,370.96,3.00,Online
205,5/4/2025,1083,2015,401,3,0,22.00,CreditCard
206,5/4/2025,1191,2055,402,1,48.55,23.00,CreditCard
207,5/4/2025,1097,2068,402,2,1312.38,20.00,Online
208,5/4/2025,1018,2050,401,3,0,20.00,Online
209,5/4/2025,1004,2058,401,2,1066.8,16.00,CreditCard
210,5/4/2025,1147,2054,404,3,2701.53,20.00,Online
211,5/4/2025,1074,2014,404,0,738.9,20.00,Online
212,5/4/2025,1083,2021,404,2,668.33,12.00,Cash
213,5/4/2025,1022,2055,401,1,97.09,23.00,Online
214,5/4/2025,1111,2075,404,0,1561.28,9.00,Online
215,5/4/2025,1101,2039,403,1,2636.39,20.00,CreditCard
216,5/4/2025,1085,2099,402,0,646.32,15.00,Cash
217,5/4/2025,1130,2081,401,1,1343.2,21.00,CreditCard
218,5/4/2025,1198,2044,403,1,186.82,10.00,Online
219,5/4/2025,1060,2013,402,2,0,3.00,CreditCard
220,5/4/2025,1050,2022,402,0,671.18,17.00,Cash
221,5/4/2025,1045,2098,404,3,907.86,24.00,CreditCard
222,5/4/2025,1193,2072,404,2,1681.2,0.00,Online
223,5/4/2025,1160,2040,402,3,138.16,0.00,Cash
224,5/4/2025,1017,2060,404,2,0,10.00,Online
225,5/4/2025,1070,2075,401,2,624.51,25.00,Online
226,5/4/2025,1129,2009,403,3,198.93,21.00,Cash
227,5/4/2025,1115,2004,401,2,2225.4,0.00,Online
228,5/4/2025,1073,2009,401,3,66.31,22.00,Cash
229,5/4/2025,1118,2074,401,3,659.5,17.00,Cash
230,5/4/2025,1146,2083,402,2,614.53,15.00,Online
231,5/4/2025,1154,2060,402,0,408.38,22.00,Online
232,5/4/2025,1115,2013,403,0,2806.08,9.00,CreditCard
233,5/4/2025,1129,2082,402,0,1066.4,8.00,CreditCard
234,5/4/2025,1063,2090,404,3,71.64,1.00,Cash
235,5/4/2025,1134,2066,402,2,1238.54,0.00,CreditCard
236,5/4/2025,1095,2036,404,3,653.94,21.00,CreditCard
237,5/4/2025,1198,2043,401,2,1397.52,2.00,Online
238,5/4/2025,1016,2042,401,3,0,22.00,Online
239,5/4/2025,1072,2032,402,2,1512.96,13.00,Cash
240,5/4/2025,1020,2074,402,2,527.6,4.00,Cash
241,5/4/2025,1079,2083,404,1,691.34,20.00,Online
242,5/4/2025,1152,2090,401,2,57.31,9.00,Online
243,5/4/2025,1143,2048,403,1,0,17.00,CreditCard
244,5/4/2025,1171,2089,401,3,1654.08,3.00,CreditCard
245,5/4/2025,1130,2046,401,2,106.98,19.00,CreditCard
246,5/4/2025,1079,2023,402,2,3006.53,6.00,CreditCard
247,5/4/2025,1196,2062,402,1,1114.85,19.00,Cash
248,5/4/2025,1035,2019,401,2,0,3.00,CreditCard
249,5/4/2025,1025,2064,401,2,705.7,12.00,Cash
250,5/4/2025,1196,2079,402,3,2851.62,10.00,Cash
251,5/4/2025,1039,2020,402,1,338.25,0.00,Cash
252,5/4/2025,1184,2056,401,3,1574.16,15.00,Online
253,5/4/2025,1093,2086,402,3,3576.4,14.00,CreditCard
254,5/4/2025,1156,2036,404,1,392.36,15.00,CreditCard
255,5/4/2025,1136,2030,403,3,509.91,4.00,Cash
256,5/4/2025,1049,2047,404,3,1674.9,12.00,CreditCard
257,5/4/2025,1196,2036,404,3,0,8.00,Online
258,5/4/2025,1041,2025,402,2,671.09,6.00,Cash
259,5/4/2025,1013,2082,404,2,1066.4,19.00,Cash
260,5/4/2025,1141,2013,401,2,748.29,8.00,Cash
261,5/4/2025,1021,2097,402,2,673.68,13.00,Cash
262,5/4/2025,1115,2065,402,3,1881.36,14.00,CreditCard
263,5/4/2025,1023,2028,404,2,510.35,18.00,Cash
264,5/4/2025,1006,2053,401,3,610.15,2.00,CreditCard
265,5/4/2025,1128,2047,402,3,1004.94,25.00,CreditCard
266,5/4/2025,1020,2047,402,0,669.96,18.00,Cash
267,5/4/2025,1081,2012,403,1,1682.61,24.00,Online
268,5/4/2025,1035,2004,403,3,927.25,17.00,CreditCard
269,5/4/2025,1178,2017,404,3,1854.8,3.00,CreditCard
270,5/4/2025,1157,2000,401,0,1938.62,16.00,Online
271,5/4/2025,1065,2027,402,3,775.83,5.00,Cash
272,5/4/2025,1028,2099,403,1,3490.13,22.00,CreditCard
273,5/4/2025,1077,2015,401,1,1822.42,22.00,Cash
274,5/4/2025,1107,2081,404,0,2238.66,14.00,Online
275,5/4/2025,1028,2063,401,1,994.43,3.00,Online
276,5/4/2025,1183,2018,403,3,2711.3,16.00,Online
277,5/4/2025,1000,2078,403,1,0,7.00,Online
278,5/4/2025,1146,2053,402,0,1220.3,23.00,CreditCard
279,5/4/2025,1134,2046,401,0,33.43,4.00,Online
280,5/4/2025,1099,2060,401,3,1633.52,15.00,Cash
281,5/4/2025,1095,2032,401,2,1512.96,12.00,Online
282,5/4/2025,1017,2044,402,0,207.58,0.00,CreditCard
283,5/4/2025,1197,2074,403,1,593.55,7.00,Cash
284,5/4/2025,1011,2045,403,1,842.78,15.00,CreditCard
285,5/4/2025,1199,2087,404,3,159.32,24.00,CreditCard
286,5/4/2025,1161,2023,402,0,939.54,18.00,Online
287,5/4/2025,1183,2099,404,0,1292.64,14.00,Cash
288,5/4/2025,1075,2025,401,1,0,16.00,CreditCard
289,5/4/2025,1010,2040,403,3,138.16,24.00,Cash
290,5/4/2025,1139,2060,403,0,1225.14,21.00,Cash
291,5/4/2025,1192,2082,402,2,213.28,18.00,Online
292,5/4/2025,1091,2099,401,2,1034.11,2.00,Cash
293,5/4/2025,1069,2015,403,3,2699.88,20.00,CreditCard
294,5/4/2025,1102,2095,404,3,1472.37,12.00,Online
295,5/4/2025,1086,2023,404,3,3758.16,23.00,Online
296,5/4/2025,1094,2066,403,0,1032.12,3.00,CreditCard
297,5/4/2025,1186,2054,401,3,0,14.00,Online
298,5/4/2025,1154,2023,403,2,751.63,15.00,CreditCard
299,5/4/2025,1026,2010,403,2,62.27,15.00,CreditCard
300,5/4/2025,1078,2057,404,1,393.28,20.00,Online
301,5/4/2025,1176,2056,403,3,524.72,25.00,CreditCard
302,5/4/2025,1010,2093,403,3,0,4.00,CreditCard
303,5/4/2025,1070,2081,401,0,1492.44,3.00,CreditCard
304,5/4/2025,1171,2081,404,2,596.98,16.00,Online
305,5/4/2025,1131,2095,402,0,1472.37,2.00,Cash
306,5/4/2025,1036,2077,404,0,1123.66,24.00,CreditCard
307,5/4/2025,1032,2008,402,2,106.54,17.00,Online
308,5/4/2025,1092,2049,401,1,0,23.00,Cash
309,5/4/2025,1173,2057,403,2,349.58,7.00,Online
310,5/4/2025,1113,2097,401,1,757.89,5.00,Online
311,5/4/2025,1135,2046,404,2,80.23,17.00,CreditCard
312,5/4/2025,1166,2035,402,0,899.99,6.00,Online
313,5/4/2025,1006,2094,402,3,1480.05,21.00,Cash
314,5/4/2025,1132,2049,401,2,1503.74,1.00,Cash
315,5/4/2025,1198,2033,404,1,2257.88,9.00,Online
316,5/4/2025,1156,2036,404,1,784.73,18.00,Cash
317,5/4/2025,1031,2017,401,3,0,4.00,Online
318,5/4/2025,1044,2091,404,0,1811.58,2.00,CreditCard
319,5/4/2025,1174,2040,403,0,34.54,9.00,CreditCard
320,5/4/2025,1140,2069,403,2,557.74,4.00,Cash
321,5/4/2025,1040,2091,402,2,724.63,10.00,Online
322,5/4/2025,1130,2028,401,1,574.15,11.00,Cash
323,5/4/2025,1035,2030,404,0,339.94,8.00,CreditCard
324,5/4/2025,1092,2070,403,3,102.54,15.00,Cash
325,5/4/2025,1141,2016,401,0,0,18.00,Cash
326,5/4/2025,1079,2050,404,3,186.78,2.00,Online
327,5/4/2025,1196,2052,401,1,2632.54,21.00,Online
328,5/4/2025,1081,2082,401,3,1066.4,6.00,Cash
329,5/4/2025,1119,2087,403,1,0,17.00,Cash
330,5/4/2025,1199,2070,402,1,30.76,11.00,CreditCard
331,5/4/2025,1110,2064,401,0,0,20.00,Online
332,5/4/2025,1132,2019,403,1,1681.07,19.00,CreditCard
333,5/4/2025,1041,2041,402,2,643.37,14.00,Online
334,5/4/2025,1132,2036,401,2,348.77,9.00,Online
335,5/4/2025,1050,2081,403,1,2686.39,13.00,Online
336,5/4/2025,1160,2038,401,1,0,15.00,Cash
337,5/4/2025,1151,2074,402,1,1187.1,16.00,Online
338,5/4/2025,1168,2079,403,0,1901.08,19.00,Cash
339,5/4/2025,1007,2010,401,2,62.27,22.00,Cash
340,5/4/2025,1166,2026,404,0,0,25.00,CreditCard
341,5/4/2025,1127,2080,403,2,1997.42,4.00,CreditCard
342,5/4/2025,1123,2031,404,2,1356.72,1.00,CreditCard
343,5/4/2025,1116,2009,401,1,119.36,14.00,Cash
344,5/4/2025,1112,2053,404,3,0,22.00,CreditCard
345,5/4/2025,1052,2043,402,2,698.76,10.00,CreditCard
346,5/4/2025,1183,2040,403,3,103.62,15.00,Cash
347,5/4/2025,1033,2097,403,0,4210.5,12.00,CreditCard
348,5/4/2025,1081,2030,404,0,339.94,12.00,Cash
349,5/4/2025,1068,2057,402,1,1179.85,17.00,CreditCard
350,5/4/2025,1024,2006,403,3,594,25.00,CreditCard
351,5/4/2025,1157,2053,402,1,1098.27,23.00,CreditCard
352,5/4/2025,1083,2073,403,1,2247.44,12.00,CreditCard
353,5/4/2025,1195,2020,404,3,1879.15,21.00,Cash
354,5/4/2025,1127,2039,404,0,1952.88,19.00,CreditCard
355,5/4/2025,1023,2050,404,1,0,24.00,Cash
356,5/4/2025,1055,2074,403,0,1978.5,15.00,Cash
357,5/4/2025,1012,2036,404,3,653.94,21.00,Online
358,5/4/2025,1073,2068,401,0,2460.72,21.00,Online
359,5/4/2025,1110,2017,403,2,370.96,24.00,Online
360,5/4/2025,1195,2051,403,0,117.32,6.00,Cash
361,5/4/2025,1102,2006,402,2,792,16.00,Online
362,5/4/2025,1141,2036,401,3,871.92,24.00,CreditCard
363,5/4/2025,1129,2057,403,0,1747.92,11.00,Cash
364,5/4/2025,1032,2012,404,2,997.1,18.00,Online
365,5/4/2025,1086,2071,403,1,553.64,14.00,Cash
366,5/4/2025,1050,2077,404,0,561.83,5.00,Online
367,5/4/2025,1011,2004,402,2,0,19.00,Online
368,5/4/2025,1121,2066,404,1,0,13.00,Cash
369,5/4/2025,1155,2065,402,2,1128.82,1.00,Online
370,5/4/2025,1156,2040,402,3,138.16,25.00,Online
371,5/4/2025,1157,2094,403,2,1578.72,12.00,CreditCard
372,5/4/2025,1129,2065,404,2,752.54,16.00,CreditCard
373,5/4/2025,1121,2002,403,2,2771.2,9.00,Cash
374,5/4/2025,1172,2014,404,2,197.04,21.00,CreditCard
375,5/4/2025,1185,2088,401,3,2128.05,8.00,CreditCard
376,5/4/2025,1067,2083,402,0,0,8.00,CreditCard
377,5/4/2025,1149,2061,402,3,1199.52,24.00,Cash
378,5/4/2025,1037,2087,402,0,318.64,6.00,CreditCard
379,5/4/2025,1146,2089,401,1,744.34,6.00,CreditCard
380,5/4/2025,1004,2056,403,3,2098.88,5.00,CreditCard
381,5/4/2025,1038,2052,402,3,2193.78,23.00,CreditCard
382,5/4/2025,1128,2099,404,0,3877.92,16.00,Online
383,5/4/2025,1180,2017,402,2,741.92,6.00,Cash
384,5/4/2025,1169,2061,404,2,319.87,21.00,Cash
385,5/4/2025,1044,2058,403,2,1066.8,24.00,Online
386,5/4/2025,1173,2098,403,3,3631.44,9.00,Online
387,5/4/2025,1049,2031,403,2,1356.72,3.00,Cash
388,5/4/2025,1057,2038,403,1,2501.58,9.00,CreditCard
389,5/4/2025,1176,2090,404,2,343.87,9.00,Online
390,5/4/2025,1122,2044,403,2,166.06,16.00,CreditCard
391,5/4/2025,1031,2073,404,3,1498.29,10.00,CreditCard
392,5/4/2025,1088,2098,402,2,726.29,23.00,Cash
393,5/4/2025,1010,2036,401,2,348.77,24.00,CreditCard
394,5/4/2025,1113,2083,403,3,3072.64,14.00,Cash
395,5/4/2025,1054,2025,403,2,671.09,14.00,Cash
396,5/4/2025,1035,2013,402,1,1683.65,18.00,Online
397,5/4/2025,1012,2085,402,1,217.94,10.00,CreditCard
398,5/4/2025,1013,2012,404,2,1994.21,0.00,Cash
399,5/4/2025,1183,2060,401,1,367.54,0.00,CreditCard
400,5/4/2025,1001,2070,402,3,102.54,18.00,Cash
401,5/4/2025,1167,2060,404,1,735.08,12.00,Online
402,5/4/2025,1193,2036,403,2,348.77,19.00,CreditCard
403,5/4/2025,1165,2007,401,1,0,4.00,Online
404,5/4/2025,1136,2094,401,1,1776.06,22.00,Cash
405,5/4/2025,1106,2022,401,3,671.18,18.00,CreditCard
406,5/4/2025,1126,2023,403,0,0,16.00,Cash
407,5/4/2025,1002,2038,401,2,1482.42,4.00,Cash
408,5/4/2025,1072,2058,404,1,1200.15,11.00,Cash
409,5/4/2025,1129,2059,403,1,1382.54,6.00,Cash
410,5/4/2025,1028,2042,402,3,502.83,23.00,Online
411,5/4/2025,1165,2032,402,0,0,5.00,Cash
412,5/4/2025,1188,2043,403,1,1572.21,3.00,Online
413,5/4/2025,1044,2078,404,3,426.03,13.00,Cash
414,5/4/2025,1131,2041,401,3,3216.84,10.00,Cash
415,5/4/2025,1171,2012,402,1,1121.74,4.00,Online
416,5/4/2025,1122,2041,402,0,1608.42,13.00,CreditCard
417,5/4/2025,1066,2049,402,3,0,17.00,CreditCard
418,5/4/2025,1192,2034,403,2,326.81,10.00,Cash
419,5/4/2025,1149,2092,401,2,1157.3,14.00,CreditCard
420,5/4/2025,1167,2046,402,0,133.72,24.00,Cash
421,5/4/2025,1170,2015,404,2,0,23.00,CreditCard
422,5/4/2025,1040,2051,403,0,469.28,13.00,CreditCard
423,5/4/2025,1163,2037,403,1,0,24.00,CreditCard
424,5/4/2025,1056,2017,404,1,834.66,20.00,Online
425,5/4/2025,1116,2095,403,3,490.79,14.00,Online
426,5/4/2025,1179,2070,404,1,61.52,4.00,Cash
427,5/4/2025,1195,2031,401,3,1695.9,20.00,Online
428,5/4/2025,1135,2090,403,0,0,8.00,CreditCard
429,5/4/2025,1144,2014,401,1,443.34,2.00,Online
430,5/4/2025,1146,2068,402,1,2952.86,13.00,CreditCard
431,5/4/2025,1083,2066,404,0,516.06,3.00,Cash
432,5/4/2025,1174,2026,404,0,423.12,19.00,Cash
433,5/4/2025,1130,2057,401,3,1747.92,13.00,CreditCard
434,5/4/2025,1033,2065,404,3,0,14.00,Online
435,5/4/2025,1144,2007,404,2,933.42,10.00,CreditCard
436,5/4/2025,1185,2002,404,2,692.8,6.00,Cash
437,5/4/2025,1000,2095,402,0,0,12.00,CreditCard
438,5/4/2025,1011,2054,403,0,900.51,3.00,Cash
439,5/4/2025,1138,2007,401,3,2333.56,2.00,Cash
440,5/4/2025,1008,2036,404,1,196.18,11.00,CreditCard
441,5/4/2025,1196,2017,404,2,741.92,5.00,Cash
442,5/4/2025,1097,2057,404,3,436.98,8.00,Online
443,5/4/2025,1020,2087,402,2,637.28,15.00,CreditCard
444,5/4/2025,1030,2022,404,1,604.06,24.00,CreditCard
445,5/4/2025,1186,2028,401,0,2551.76,4.00,CreditCard
446,5/4/2025,1076,2059,404,3,1536.15,15.00,CreditCard
447,5/4/2025,1058,2031,404,2,0,8.00,CreditCard
448,5/4/2025,1039,2035,402,0,899.99,7.00,CreditCard
449,5/4/2025,1008,2084,404,0,845.55,3.00,Online
450,5/4/2025,1061,2026,401,0,423.12,1.00,CreditCard
451,5/4/2025,1152,2004,404,0,2781.75,25.00,Online
452,5/4/2025,1062,2094,401,3,1973.4,7.00,Online
453,5/4/2025,1112,2029,402,0,13.51,20.00,Cash
454,5/4/2025,1035,2064,403,1,0,4.00,CreditCard
455,5/4/2025,1187,2073,403,2,399.54,23.00,CreditCard
456,5/4/2025,1060,2038,402,1,3335.44,5.00,Online
457,5/4/2025,1105,2038,403,0,1853.02,16.00,CreditCard
458,5/4/2025,1142,2075,402,3,3903.2,20.00,Online
459,5/4/2025,1142,2063,401,2,1325.9,14.00,CreditCard
460,5/4/2025,1164,2085,404,2,387.44,5.00,Cash
461,5/4/2025,1178,2053,404,1,1647.4,20.00,Cash
462,5/4/2025,1076,2048,402,3,1072.89,19.00,Online
463,5/4/2025,1061,2028,403,1,1148.29,11.00,Online
464,5/4/2025,1118,2007,404,3,1750.17,11.00,CreditCard
465,5/4/2025,1142,2067,402,3,1163.8,13.00,Cash
466,5/4/2025,1062,2032,402,2,756.48,8.00,CreditCard
467,5/4/2025,1165,2010,404,2,124.54,4.00,CreditCard
468,5/4/2025,1023,2068,402,0,2460.72,18.00,Cash
469,5/4/2025,1068,2048,401,0,715.26,13.00,CreditCard
470,5/4/2025,1048,2097,402,3,0,17.00,CreditCard
471,5/4/2025,1053,2042,403,0,167.61,14.00,Cash
472,5/4/2025,1054,2024,401,3,372.81,16.00,CreditCard
473,5/4/2025,1062,2089,402,3,1240.56,6.00,CreditCard
474,5/4/2025,1061,2070,403,2,27.34,2.00,Online
475,5/4/2025,1097,2059,403,2,0,14.00,Cash
476,5/4/2025,1066,2046,404,3,200.58,6.00,Online
477,5/4/2025,1025,2092,404,2,771.54,11.00,CreditCard
478,5/4/2025,1052,2047,403,3,334.98,21.00,Online
479,5/4/2025,1011,2072,402,1,756.54,24.00,Online
480,5/4/2025,1004,2033,404,2,0,13.00,Online
481,5/4/2025,1039,2025,403,1,503.32,4.00,CreditCard
482,5/4/2025,1097,2072,402,3,420.3,12.00,Online
483,5/4/2025,1140,2083,403,2,1843.58,3.00,CreditCard
484,5/4/2025,1195,2062,404,3,3096.8,0.00,CreditCard
485,5/4/2025,1043,2093,403,1,1360.69,12.00,CreditCard
486,5/4/2025,1035,2092,404,1,0,16.00,CreditCard
487,5/4/2025,1138,2082,401,0,533.2,19.00,CreditCard
488,5/4/2025,1019,2085,401,0,484.3,18.00,Cash
489,5/4/2025,1105,2017,402,0,1391.1,3.00,Online
490,5/4/2025,1181,2019,401,1,4202.68,18.00,Online
491,5/4/2025,1129,2058,403,0,1333.5,14.00,Online
492,5/4/2025,1158,2081,404,3,2984.88,20.00,CreditCard
493,5/4/2025,1004,2000,404,0,2907.93,0.00,Online
494,5/4/2025,1004,2067,403,2,465.52,25.00,Cash
495,5/4/2025,1004,2064,404,1,1323.18,13.00,Online
496,5/4/2025,1027,2012,402,1,1121.74,17.00,Online
497,5/4/2025,1049,2079,403,2,3802.16,14.00,Cash
498,5/4/2025,1068,2050,401,2,0,5.00,CreditCard
499,5/4/2025,1103,2058,402,1,600.08,6.00,Online
500,5/4/2025,1076,2087,401,0,159.32,9.00,Cash
501,5/4/2025,1023,2051,404,3,351.96,3.00,CreditCard
502,5/4/2025,1141,2060,401,0,408.38,9.00,CreditCard
503,5/4/2025,1179,2021,401,3,835.41,10.00,Online
504,5/4/2025,1111,2082,403,0,0,17.00,CreditCard
505,5/4/2025,1135,2005,402,1,1157.71,10.00,CreditCard
506,5/4/2025,1177,2072,404,2,1008.72,22.00,Cash
507,5/4/2025,1011,2009,403,0,0,23.00,Cash
508,5/4/2025,1045,2040,401,1,31.09,5.00,CreditCard
509,5/4/2025,1150,2018,404,0,1084.52,21.00,CreditCard
510,5/4/2025,1076,2020,402,3,2254.98,25.00,Online
511,5/4/2025,1173,2069,403,3,232.39,22.00,Cash
512,5/4/2025,1193,2094,402,0,1480.05,25.00,CreditCard
513,5/4/2025,1128,2095,403,0,0,22.00,Cash
514,5/4/2025,1025,2055,402,0,107.88,8.00,CreditCard
515,5/4/2025,1087,2077,404,2,449.46,0.00,Online
516,5/4/2025,1007,2081,403,3,746.22,4.00,Online
517,5/4/2025,1125,2029,403,3,40.53,24.00,Online
518,5/4/2025,1110,2023,404,0,1879.08,5.00,Online
519,5/4/2025,1197,2079,403,1,855.49,15.00,CreditCard
520,5/4/2025,1182,2009,401,2,53.05,23.00,Online
521,5/4/2025,1039,2048,402,3,357.63,12.00,Online
522,5/4/2025,1081,2046,401,0,33.43,12.00,Online
523,5/4/2025,1001,2039,404,2,2343.46,11.00,CreditCard
524,5/4/2025,1194,2034,401,1,245.11,4.00,CreditCard
525,5/4/2025,1022,2023,404,3,5637.24,13.00,CreditCard
526,5/4/2025,1142,2071,404,0,615.16,20.00,Online
527,5/4/2025,1006,2011,403,0,1229.22,11.00,CreditCard
528,5/4/2025,1152,2076,403,3,2418.21,15.00,Online
529,5/4/2025,1003,2037,404,3,1440.56,14.00,CreditCard
530,5/4/2025,1199,2010,402,1,210.17,3.00,Cash
531,5/4/2025,1175,2048,402,1,965.6,14.00,Cash
532,5/4/2025,1068,2038,403,3,0,25.00,CreditCard
533,5/4/2025,1037,2008,402,3,266.36,19.00,CreditCard
534,5/4/2025,1070,2053,403,3,1830.45,17.00,Cash
535,5/4/2025,1005,2009,403,2,53.05,16.00,CreditCard
536,5/4/2025,1063,2092,404,1,867.98,18.00,Cash
537,5/4/2025,1117,2013,402,2,2244.86,8.00,CreditCard
538,5/4/2025,1001,2050,403,3,0,22.00,Cash
539,5/4/2025,1084,2056,403,3,1574.16,10.00,Online
540,5/4/2025,1166,2076,402,2,0,18.00,Online
541,5/4/2025,1082,2077,402,3,0,6.00,Cash
542,5/4/2025,1080,2022,404,2,1073.89,17.00,Cash
543,5/4/2025,1074,2094,404,1,444.02,12.00,CreditCard
544,5/4/2025,1083,2048,403,3,0,3.00,CreditCard
545,5/4/2025,1093,2014,402,1,221.67,1.00,Cash
546,5/4/2025,1174,2098,401,3,2723.58,23.00,CreditCard
547,5/4/2025,1181,2026,404,2,507.74,16.00,Cash
548,5/4/2025,1177,2008,404,3,332.95,4.00,CreditCard
549,5/4/2025,1035,2081,403,1,1343.2,17.00,Online
550,5/4/2025,1064,2084,402,3,845.55,4.00,Cash
551,5/4/2025,1096,2009,404,3,198.93,4.00,CreditCard
552,5/4/2025,1149,2051,404,0,0,15.00,Online
553,5/4/2025,1092,2089,401,0,827.04,12.00,CreditCard
554,5/4/2025,1196,2031,403,1,1526.31,10.00,Cash
555,5/4/2025,1165,2078,401,3,142.01,8.00,Cash
556,5/4/2025,1192,2042,404,0,1005.66,24.00,CreditCard
557,5/4/2025,1002,2012,403,1,560.87,11.00,Online
558,5/4/2025,1130,2095,402,3,1963.16,16.00,Cash
559,5/4/2025,1095,2050,404,1,168.1,14.00,Online
560,5/4/2025,1088,2003,404,0,385.18,25.00,Cash
561,5/4/2025,1075,2053,401,0,1830.45,0.00,Cash
562,5/4/2025,1186,2018,403,2,1301.42,11.00,Online
563,5/4/2025,1087,2058,402,3,2667,23.00,Cash
564,5/4/2025,1089,2060,401,3,408.38,13.00,CreditCard
565,5/4/2025,1184,2089,404,2,1984.9,20.00,Online
566,5/4/2025,1017,2038,401,0,0,17.00,Online
567,5/4/2025,1005,2043,401,1,786.1,11.00,CreditCard
568,5/4/2025,1189,2031,402,1,2035.08,17.00,Cash
569,5/4/2025,1084,2071,404,3,0,17.00,CreditCard
570,5/4/2025,1059,2051,402,1,527.94,2.00,CreditCard
571,5/4/2025,1163,2084,404,3,845.55,14.00,Online
572,5/4/2025,1007,2094,402,3,493.35,19.00,CreditCard
573,5/4/2025,1151,2054,404,0,0,7.00,Online
574,5/4/2025,1180,2027,402,2,0,6.00,Online
575,5/4/2025,1192,2090,401,0,286.56,6.00,Cash
576,5/4/2025,1137,2023,403,2,1503.26,0.00,CreditCard
577,5/4/2025,1050,2058,401,2,1066.8,22.00,CreditCard
578,5/4/2025,1171,2062,403,3,619.36,17.00,CreditCard
579,5/4/2025,1156,2050,401,2,0,0.00,Cash
580,5/4/2025,1090,2058,402,2,1066.8,16.00,Cash
581,5/4/2025,1157,2075,401,1,702.58,23.00,CreditCard
582,5/4/2025,1080,2015,402,2,1619.93,16.00,CreditCard
583,5/4/2025,1029,2023,403,1,0,1.00,Online
584,5/4/2025,1130,2049,404,1,845.86,25.00,CreditCard
585,5/4/2025,1147,2049,404,1,845.86,25.00,Online
586,5/4/2025,1124,2081,402,1,2686.39,6.00,CreditCard
587,5/4/2025,1125,2036,402,1,588.55,9.00,CreditCard
588,5/4/2025,1080,2057,401,2,699.17,5.00,Online
589,5/4/2025,1002,2062,402,1,1114.85,19.00,CreditCard
590,5/4/2025,1098,2071,404,3,1845.48,25.00,CreditCard
591,5/4/2025,1175,2062,404,3,1858.08,20.00,Online
592,5/4/2025,1125,2021,401,0,1670.82,11.00,Online
593,5/4/2025,1194,2028,403,0,637.94,12.00,Cash
594,5/4/2025,1070,2028,403,1,0,25.00,Online
595,5/4/2025,1199,2058,404,0,2667,11.00,CreditCard
596,5/4/2025,1146,2014,403,2,0,4.00,CreditCard
597,5/4/2025,1138,2096,401,3,2688.72,22.00,Online
598,5/4/2025,1139,2027,404,0,258.61,2.00,CreditCard
599,5/4/2025,1188,2083,402,2,1229.06,18.00,CreditCard
600,5/4/2025,1008,2057,403,2,699.17,14.00,Online
601,5/4/2025,1022,2056,401,1,2361.24,11.00,CreditCard
602,5/4/2025,1053,2094,403,3,493.35,25.00,Online
603,5/4/2025,1042,2078,402,1,127.81,2.00,Cash
604,5/4/2025,1052,2007,403,2,2333.56,5.00,Online
605,5/4/2025,1152,2068,402,2,656.19,8.00,Cash
606,5/4/2025,1180,2037,403,2,288.11,13.00,Online
607,5/4/2025,1131,2086,401,1,2414.07,24.00,CreditCard
608,5/4/2025,1192,2052,401,2,0,15.00,Online
609,5/4/2025,1167,2016,402,1,290.72,11.00,Online
610,5/4/2025,1037,2091,403,1,0,22.00,Cash
611,5/4/2025,1194,2086,404,3,0,8.00,Online
612,5/4/2025,1036,2073,403,3,1997.72,16.00,CreditCard
613,5/4/2025,1096,2057,401,0,1310.94,4.00,Cash
614,5/4/2025,1103,2065,403,2,376.27,6.00,CreditCard
615,5/4/2025,1116,2062,403,0,1238.72,15.00,CreditCard
616,5/4/2025,1198,2093,401,3,0,6.00,Online
617,5/4/2025,1162,2085,403,0,0,14.00,Cash
618,5/4/2025,1136,2050,402,3,933.9,11.00,CreditCard
619,5/4/2025,1054,2063,403,2,441.97,6.00,Cash
620,5/4/2025,1072,2043,402,3,4367.25,5.00,Cash
621,5/4/2025,1087,2087,401,0,637.28,0.00,CreditCard
622,5/4/2025,1025,2080,404,0,3329.04,20.00,Online
623,5/4/2025,1031,2020,404,3,1127.49,2.00,Cash
624,5/4/2025,1000,2054,402,1,1620.92,13.00,Online
625,5/4/2025,1166,2038,402,2,2223.62,8.00,Cash
626,5/4/2025,1023,2083,403,2,1229.06,9.00,Cash
627,5/4/2025,1021,2047,402,0,1674.9,1.00,Cash
628,5/4/2025,1101,2080,403,1,3745.17,22.00,Cash
629,5/4/2025,1109,2083,401,0,768.16,7.00,Online
630,5/4/2025,1000,2027,404,0,517.22,9.00,Cash
631,5/4/2025,1033,2075,402,3,780.64,10.00,CreditCard
632,5/4/2025,1002,2001,403,0,824.7,1.00,Online
633,5/4/2025,1108,2088,402,3,3546.75,9.00,Online
634,5/4/2025,1018,2029,404,0,27.02,10.00,Online
635,5/4/2025,1187,2013,401,2,2993.15,25.00,Cash
636,5/4/2025,1094,2038,402,3,926.51,7.00,Online
637,5/4/2025,1198,2096,402,1,1814.89,18.00,Cash
638,5/4/2025,1017,2067,401,1,523.71,6.00,Cash
639,5/4/2025,1112,2044,402,1,560.47,18.00,Cash
640,5/4/2025,1105,2078,404,1,383.43,12.00,Online
641,5/4/2025,1022,2012,402,0,623.19,8.00,CreditCard
642,5/4/2025,1150,2093,404,2,1814.26,9.00,Online
643,5/4/2025,1109,2040,402,1,31.09,22.00,Cash
644,5/4/2025,1070,2082,401,1,719.82,12.00,Online
645,5/4/2025,1141,2076,403,0,3224.28,13.00,Cash
646,5/4/2025,1168,2038,402,1,1667.72,22.00,Online
647,5/4/2025,1191,2050,403,0,560.34,15.00,Online
648,5/4/2025,1005,2030,404,3,679.88,23.00,Online
649,5/4/2025,1028,2030,404,0,509.91,16.00,Online
650,5/4/2025,1135,2001,403,2,989.64,1.00,CreditCard
651,5/4/2025,1033,2049,404,2,751.87,24.00,Cash
652,5/4/2025,1139,2087,402,3,0,8.00,Cash
653,5/4/2025,1197,2009,401,0,265.24,17.00,Cash
654,5/4/2025,1003,2033,402,0,836.25,14.00,Cash
655,5/4/2025,1015,2050,403,3,560.34,20.00,Online
656,5/4/2025,1108,2089,404,0,413.52,10.00,CreditCard
657,5/4/2025,1163,2068,402,2,3280.96,11.00,Cash
658,5/4/2025,1021,2039,401,1,878.8,15.00,CreditCard
659,5/4/2025,1039,2068,403,3,2460.72,25.00,Online
660,5/4/2025,1150,2081,401,2,1193.95,5.00,CreditCard
661,5/4/2025,1178,2055,402,0,53.94,4.00,Cash
662,5/4/2025,1062,2011,404,0,0,6.00,Cash
663,5/4/2025,1116,2078,401,2,0,22.00,CreditCard
664,5/4/2025,1170,2094,402,0,986.7,7.00,CreditCard
665,5/4/2025,1003,2090,402,0,143.28,13.00,Cash
666,5/4/2025,1041,2063,403,2,1325.9,7.00,Online
667,5/4/2025,1042,2047,402,2,803.95,25.00,CreditCard
668,5/4/2025,1187,2015,401,2,0,19.00,CreditCard
669,5/4/2025,1109,2034,401,2,326.81,5.00,CreditCard
670,5/4/2025,1182,2073,401,3,499.43,24.00,Cash
671,5/4/2025,1116,2065,403,0,470.34,16.00,Cash
672,5/4/2025,1127,2072,402,2,1008.72,12.00,Online
673,5/4/2025,1040,2032,401,0,0,1.00,CreditCard
674,5/4/2025,1058,2094,401,0,493.35,1.00,CreditCard
675,5/4/2025,1003,2031,401,3,1695.9,11.00,Cash
676,5/4/2025,1093,2049,402,1,1691.71,9.00,Cash
677,5/4/2025,1009,2070,404,1,30.76,3.00,CreditCard
678,5/4/2025,1082,2031,404,2,452.24,7.00,CreditCard
679,5/4/2025,1069,2009,403,0,0,2.00,Online
680,5/4/2025,1128,2086,401,1,804.69,7.00,Cash
681,5/4/2025,1057,2066,401,3,1548.18,16.00,Cash
682,5/4/2025,1017,2059,403,2,409.64,7.00,Online
683,5/4/2025,1083,2011,404,0,1638.96,6.00,Online
684,5/4/2025,1094,2025,403,2,223.7,2.00,Cash
685,5/4/2025,1189,2079,402,3,3802.16,5.00,CreditCard
686,5/4/2025,1094,2075,404,1,702.58,9.00,Cash
687,5/4/2025,1187,2069,402,1,627.45,9.00,Cash
688,5/4/2025,1001,2052,401,1,0,23.00,CreditCard
689,5/4/2025,1138,2044,401,2,166.06,8.00,Online
690,5/4/2025,1000,2097,404,2,1347.36,15.00,Cash
691,5/4/2025,1026,2026,402,3,211.56,16.00,Cash
692,5/4/2025,1125,2007,402,2,933.42,0.00,Online
693,5/4/2025,1023,2005,402,3,1286.34,17.00,CreditCard
694,5/4/2025,1179,2047,404,0,669.96,14.00,CreditCard
695,5/4/2025,1148,2012,402,3,3115.95,24.00,CreditCard
696,5/4/2025,1019,2075,401,3,2341.92,19.00,CreditCard
697,5/4/2025,1169,2016,402,2,775.25,0.00,CreditCard
698,5/4/2025,1066,2040,404,2,55.26,10.00,Online
699,5/4/2025,1081,2057,403,1,393.28,4.00,Cash
700,5/4/2025,1019,2025,402,0,559.24,11.00,Online
701,5/4/2025,1039,2013,402,3,4676.8,8.00,Cash
702,5/4/2025,1119,2040,404,0,69.08,0.00,Cash
703,5/4/2025,1137,2045,402,3,0,0.00,Online
704,5/4/2025,1078,2059,403,0,1536.15,22.00,CreditCard
705,5/4/2025,1023,2020,403,0,0,19.00,Cash
706,5/4/2025,1055,2041,402,0,4021.05,0.00,Cash
707,5/4/2025,1182,2031,403,3,1695.9,11.00,Cash
708,5/4/2025,1131,2006,403,2,475.2,14.00,CreditCard
709,5/4/2025,1044,2003,404,3,1155.54,19.00,CreditCard
710,5/4/2025,1142,2095,402,0,2453.95,1.00,Online
711,5/4/2025,1118,2013,402,0,1870.72,6.00,Cash
712,5/4/2025,1003,2007,402,1,1050.1,10.00,CreditCard
713,5/4/2025,1050,2051,403,0,117.32,8.00,Online
714,5/4/2025,1149,2075,403,0,780.64,10.00,CreditCard
715,5/4/2025,1005,2008,402,3,466.13,18.00,Online
716,5/4/2025,1032,2011,403,0,409.74,12.00,CreditCard
717,5/4/2025,1010,2059,401,1,921.69,14.00,CreditCard
718,5/4/2025,1146,2055,404,3,0,17.00,Online
719,5/4/2025,1007,2048,404,1,1287.47,21.00,CreditCard
720,5/4/2025,1090,2027,402,2,413.78,7.00,Online
721,5/4/2025,1071,2057,402,0,1310.94,4.00,Online
722,5/4/2025,1157,2079,402,2,2281.3,15.00,CreditCard
723,5/4/2025,1127,2052,404,0,2193.78,2.00,Cash
724,5/4/2025,1022,2035,404,1,1619.98,20.00,CreditCard
725,5/4/2025,1107,2025,402,0,279.62,14.00,Online
726,5/4/2025,1097,2091,403,3,2717.37,12.00,Cash
727,5/4/2025,1139,2062,403,2,1486.46,6.00,CreditCard
728,5/4/2025,1099,2034,402,0,408.51,23.00,CreditCard
729,5/4/2025,1081,2076,402,0,2418.21,18.00,Cash
730,5/4/2025,1199,2035,401,3,2699.97,17.00,Cash
731,5/4/2025,1135,2045,402,1,842.78,14.00,Cash
732,5/4/2025,1025,2031,402,2,904.48,25.00,Online
733,5/4/2025,1136,2094,401,1,0,9.00,Online
734,5/4/2025,1147,2049,403,1,3383.42,9.00,Cash
735,5/4/2025,1045,2030,403,2,407.93,6.00,Cash
736,5/4/2025,1151,2003,403,1,693.32,17.00,Cash
737,5/4/2025,1144,2024,404,2,298.25,21.00,CreditCard
738,5/4/2025,1044,2062,401,0,1238.72,1.00,Cash
739,5/4/2025,1014,2029,402,0,13.51,0.00,Cash
740,5/4/2025,1134,2061,401,2,639.74,0.00,Cash
741,5/4/2025,1157,2025,402,2,671.09,24.00,CreditCard
742,5/4/2025,1183,2022,403,0,2684.72,18.00,Cash
743,5/4/2025,1005,2018,402,0,542.26,0.00,Cash
744,5/4/2025,1134,2046,401,2,53.49,3.00,Online
745,5/4/2025,1180,2084,404,0,281.85,17.00,Cash
746,5/4/2025,1086,2038,403,1,1667.72,11.00,CreditCard
747,5/4/2025,1040,2093,404,3,755.94,23.00,Online
748,5/4/2025,1166,2040,402,2,27.63,6.00,CreditCard
749,5/4/2025,1057,2085,402,3,1452.9,20.00,CreditCard
750,5/4/2025,1078,2093,403,1,0,24.00,CreditCard
751,5/4/2025,1045,2093,401,3,2267.82,18.00,Cash
752,5/4/2025,1197,2072,401,1,1513.08,10.00,Cash
753,5/4/2025,1154,2040,402,0,69.08,21.00,Online
754,5/4/2025,1127,2018,403,0,0,12.00,Online
755,5/4/2025,1060,2044,403,1,934.11,21.00,CreditCard
756,5/4/2025,1162,2011,403,3,1229.22,23.00,Online
757,5/4/2025,1002,2033,402,1,3010.5,24.00,Cash
758,5/4/2025,1177,2008,403,2,159.82,13.00,Online
759,5/4/2025,1027,2092,401,0,482.21,24.00,Cash
760,5/4/2025,1098,2056,404,1,944.5,23.00,Cash
761,5/4/2025,1105,2063,404,2,2209.84,15.00,Online
762,5/4/2025,1139,2048,401,3,357.63,3.00,CreditCard
763,5/4/2025,1147,2083,402,1,691.34,16.00,Cash
764,5/4/2025,1115,2009,401,2,53.05,20.00,Online
765,5/4/2025,1005,2040,403,0,103.62,2.00,Online
766,5/4/2025,1018,2043,402,3,2620.35,9.00,CreditCard
767,5/4/2025,1041,2093,401,0,755.94,24.00,Online
768,5/4/2025,1086,2076,404,0,0,20.00,Online
769,5/4/2025,1110,2083,402,3,768.16,13.00,CreditCard
770,5/4/2025,1040,2006,401,2,0,13.00,Online
771,5/4/2025,1052,2024,404,2,298.25,12.00,Cash
772,5/4/2025,1169,2036,403,1,392.36,11.00,Online
773,5/4/2025,1024,2006,404,3,0,4.00,Cash
774,5/4/2025,1039,2006,403,0,198,6.00,CreditCard
775,5/4/2025,1109,2011,403,3,1638.96,13.00,Cash
776,5/4/2025,1051,2012,401,1,1121.74,22.00,CreditCard
777,5/4/2025,1043,2081,403,0,746.22,23.00,Cash
778,5/4/2025,1121,2014,403,3,985.2,23.00,CreditCard
779,5/4/2025,1120,2062,403,0,2477.44,8.00,Online
780,5/4/2025,1164,2069,404,1,0,12.00,Cash
781,5/4/2025,1094,2048,403,1,321.87,2.00,Cash
782,5/4/2025,1114,2005,403,3,428.78,24.00,Online
783,5/4/2025,1119,2033,402,2,1338,0.00,Cash
784,5/4/2025,1144,2007,402,0,1166.78,7.00,Cash
785,5/4/2025,1021,2085,403,3,0,14.00,Cash
786,5/4/2025,1193,2075,402,0,1561.28,9.00,Cash
787,5/4/2025,1099,2066,404,3,0,12.00,CreditCard
788,5/4/2025,1146,2030,404,2,543.9,18.00,Online
789,5/4/2025,1020,2050,401,1,168.1,4.00,Cash
790,5/4/2025,1030,2096,404,1,3024.81,16.00,CreditCard
791,5/4/2025,1042,2027,402,1,232.75,12.00,Online
792,5/4/2025,1010,2054,401,3,900.51,22.00,Cash
793,5/4/2025,1051,2080,402,2,0,13.00,Online
794,5/4/2025,1081,2093,401,0,755.94,6.00,CreditCard
795,5/4/2025,1099,2071,404,2,984.26,19.00,CreditCard
796,5/4/2025,1070,2066,404,0,0,5.00,Online
797,5/4/2025,1179,2079,404,0,2851.62,5.00,Cash
798,5/4/2025,1106,2019,402,0,3735.72,10.00,CreditCard
799,5/4/2025,1027,2072,401,2,672.48,7.00,CreditCard
800,5/4/2025,1137,2044,404,2,830.32,21.00,Online
801,5/4/2025,1098,2083,404,3,2304.48,19.00,Online
802,5/4/2025,1009,2022,403,3,2684.72,0.00,CreditCard
803,5/4/2025,1036,2079,404,0,950.54,0.00,CreditCard
804,5/4/2025,1101,2042,402,0,335.22,2.00,Online
805,5/4/2025,1190,2060,403,2,0,25.00,Online
806,5/4/2025,1005,2043,403,2,2096.28,2.00,CreditCard
807,5/4/2025,1071,2062,401,1,557.42,15.00,Online
808,5/4/2025,1034,2038,404,2,2223.62,25.00,Cash
809,5/4/2025,1068,2093,404,0,2267.82,21.00,CreditCard
810,5/4/2025,1048,2056,402,3,524.72,4.00,Cash
811,5/4/2025,1189,2062,403,0,1858.08,10.00,Online
812,5/4/2025,1131,2020,401,2,0,6.00,Online
813,5/4/2025,1181,2064,404,1,264.64,18.00,CreditCard
814,5/4/2025,1199,2067,401,1,0,23.00,Cash
815,5/4/2025,1049,2025,401,1,503.32,23.00,CreditCard
816,5/4/2025,1008,2058,401,2,533.4,16.00,Cash
817,5/4/2025,1180,2025,403,2,894.78,7.00,Cash
818,5/4/2025,1118,2064,404,0,882.12,15.00,CreditCard
819,5/4/2025,1174,2003,402,2,308.14,7.00,Cash
820,5/4/2025,1125,2076,404,1,725.46,25.00,Cash
821,5/4/2025,1121,2075,403,2,2498.05,24.00,CreditCard
822,5/4/2025,1041,2033,401,2,669,15.00,CreditCard
823,5/4/2025,1007,2049,401,1,845.86,6.00,CreditCard
824,5/4/2025,1146,2099,402,1,581.69,20.00,CreditCard
825,5/4/2025,1165,2028,402,2,1531.06,12.00,Online
826,5/4/2025,1166,2052,401,0,731.26,23.00,Cash
827,5/4/2025,1121,2016,402,0,646.04,3.00,CreditCard
828,5/4/2025,1057,2032,403,2,3782.4,25.00,Cash
829,5/4/2025,1108,2048,403,3,357.63,5.00,Online
830,5/4/2025,1064,2027,404,2,413.78,20.00,Cash
831,5/4/2025,1173,2066,404,0,2580.3,6.00,Online
832,5/4/2025,1001,2065,403,2,376.27,2.00,Cash
833,5/4/2025,1076,2087,401,3,796.6,12.00,Cash
834,5/4/2025,1016,2043,403,2,2795.04,1.00,Cash
835,5/4/2025,1070,2033,403,1,752.62,17.00,CreditCard
836,5/4/2025,1038,2066,402,0,1032.12,2.00,Online
837,5/4/2025,1153,2051,403,1,316.76,21.00,Online
838,5/4/2025,1184,2003,404,2,1848.86,5.00,CreditCard
839,5/4/2025,1066,2053,404,3,0,12.00,CreditCard
840,5/4/2025,1188,2004,402,2,2967.2,8.00,CreditCard
841,5/4/2025,1185,2091,402,3,3623.16,4.00,Online
842,5/4/2025,1171,2045,403,1,280.93,8.00,Online
843,5/4/2025,1168,2071,402,2,1968.51,9.00,Online
844,5/4/2025,1024,2060,402,2,326.7,15.00,Online
845,5/4/2025,1185,2071,402,2,984.26,9.00,CreditCard
846,5/4/2025,1167,2011,402,2,327.79,1.00,Online
847,5/4/2025,1057,2095,403,3,2453.95,15.00,Cash
848,5/4/2025,1084,2047,403,2,803.95,7.00,Online
849,5/4/2025,1118,2015,404,0,4049.82,19.00,Cash
850,5/4/2025,1162,2074,401,3,659.5,12.00,CreditCard
851,5/4/2025,1049,2064,401,3,882.12,1.00,CreditCard
852,5/4/2025,1135,2038,404,0,926.51,2.00,CreditCard
853,5/4/2025,1038,2017,402,2,741.92,18.00,CreditCard
854,5/4/2025,1104,2072,404,1,1134.81,9.00,Online
855,5/4/2025,1080,2091,402,0,2717.37,17.00,Cash
856,5/4/2025,1124,2042,402,2,0,9.00,Online
857,5/4/2025,1162,2007,401,3,583.39,14.00,Online
858,5/4/2025,1070,2026,402,1,190.4,23.00,CreditCard
859,5/4/2025,1125,2097,401,1,3031.56,21.00,CreditCard
860,5/4/2025,1157,2055,404,3,53.94,24.00,Cash
861,5/4/2025,1109,2061,404,0,799.68,21.00,CreditCard
862,5/4/2025,1009,2068,402,2,0,24.00,Cash
863,5/4/2025,1003,2041,402,0,2412.63,18.00,Online
864,5/4/2025,1173,2000,402,1,872.38,9.00,Cash
865,5/4/2025,1177,2044,403,1,373.64,4.00,CreditCard
866,5/4/2025,1026,2049,403,1,3383.42,22.00,CreditCard
867,5/4/2025,1016,2005,403,2,686.05,15.00,CreditCard
868,5/4/2025,1116,2093,403,3,755.94,13.00,CreditCard
869,5/4/2025,1175,2017,403,3,463.7,15.00,Online
870,5/4/2025,1091,2096,402,1,1209.92,22.00,CreditCard
871,5/4/2025,1103,2002,402,1,779.4,21.00,Online
872,5/4/2025,1186,2016,402,0,646.04,20.00,Online
873,5/4/2025,1150,2064,402,0,294.04,18.00,Cash
874,5/4/2025,1093,2091,401,3,2717.37,8.00,Cash
875,5/4/2025,1163,2032,401,0,0,23.00,Cash
876,5/4/2025,1169,2013,401,0,935.36,11.00,CreditCard
877,5/4/2025,1176,2014,404,3,1231.5,18.00,CreditCard
878,5/4/2025,1097,2015,403,3,2699.88,9.00,CreditCard
879,5/4/2025,1179,2019,402,0,1867.86,19.00,CreditCard
880,5/4/2025,1077,2053,401,2,976.24,6.00,Cash
881,5/4/2025,1159,2077,402,3,561.83,21.00,CreditCard
882,5/4/2025,1026,2065,401,2,1881.36,23.00,CreditCard
883,5/4/2025,1029,2013,404,1,0,1.00,CreditCard
884,5/4/2025,1155,2025,403,1,503.32,11.00,Online
885,5/4/2025,1091,2090,404,2,171.94,12.00,Cash
886,5/4/2025,1041,2005,404,1,385.9,21.00,Cash
887,5/4/2025,1176,2061,403,1,359.86,3.00,Online
888,5/4/2025,1000,2001,401,0,1649.4,1.00,Cash
889,5/4/2025,1146,2085,404,1,653.81,0.00,Cash
890,5/4/2025,1023,2099,401,0,1292.64,15.00,Online
891,5/4/2025,1065,2082,402,3,266.6,25.00,CreditCard
892,5/4/2025,1075,2033,404,0,2508.75,2.00,CreditCard
893,5/4/2025,1025,2022,401,2,1073.89,1.00,Online
894,5/4/2025,1092,2086,403,3,894.1,2.00,CreditCard
895,5/4/2025,1189,2014,401,0,0,19.00,Online
896,5/4/2025,1002,2017,402,2,0,4.00,CreditCard
897,5/4/2025,1091,2056,403,0,1049.44,19.00,CreditCard
898,5/4/2025,1095,2043,402,0,0,21.00,Online
899,5/4/2025,1102,2051,404,2,93.86,8.00,Online
900,5/4/2025,1098,2088,404,3,0,17.00,CreditCard
901,5/4/2025,1166,2021,401,1,0,18.00,Online
902,5/4/2025,1178,2092,401,1,867.98,19.00,CreditCard
903,5/4/2025,1026,2053,404,3,1830.45,7.00,Cash
904,5/4/2025,1046,2078,404,2,454.43,6.00,CreditCard
905,5/4/2025,1156,2003,402,3,1925.9,23.00,Online
906,5/4/2025,1124,2014,404,3,0,17.00,Online
907,5/4/2025,1011,2008,403,2,106.54,19.00,CreditCard
908,5/4/2025,1003,2090,402,2,57.31,10.00,Online
909,5/4/2025,1132,2066,401,3,1548.18,12.00,CreditCard
910,5/4/2025,1169,2093,402,3,755.94,20.00,Online
911,5/4/2025,1088,2084,404,1,0,20.00,CreditCard
912,5/4/2025,1142,2078,401,0,568.04,11.00,CreditCard
913,5/4/2025,1164,2020,404,3,1879.15,10.00,Online
914,5/4/2025,1042,2009,404,2,53.05,0.00,Online
915,5/4/2025,1061,2042,403,0,167.61,2.00,Online
916,5/4/2025,1129,2028,404,3,2551.76,3.00,CreditCard
917,5/4/2025,1060,2010,404,3,544.88,7.00,CreditCard
918,5/4/2025,1146,2057,401,3,436.98,23.00,Online
919,5/4/2025,1114,2040,401,3,34.54,20.00,Online
920,5/4/2025,1190,2083,401,0,2304.48,2.00,Cash
921,5/4/2025,1103,2052,401,0,2193.78,25.00,CreditCard
922,5/4/2025,1023,2077,403,1,505.65,18.00,Online
923,5/4/2025,1167,2085,404,2,387.44,18.00,Online
924,5/4/2025,1093,2006,402,3,594,1.00,Cash
925,5/4/2025,1084,2071,404,2,492.13,12.00,CreditCard
926,5/4/2025,1183,2057,401,0,873.96,8.00,CreditCard
927,5/4/2025,1194,2084,402,0,563.7,18.00,Cash
928,5/4/2025,1087,2045,403,2,499.42,11.00,CreditCard
929,5/4/2025,1179,2013,401,1,1683.65,0.00,CreditCard
930,5/4/2025,1126,2017,404,0,927.4,15.00,Cash
931,5/4/2025,1065,2078,402,1,127.81,6.00,Online
932,5/4/2025,1030,2050,402,3,186.78,21.00,CreditCard
933,5/4/2025,1005,2024,403,0,621.35,20.00,Cash
934,5/4/2025,1193,2053,401,0,1830.45,24.00,CreditCard
935,5/4/2025,1197,2057,404,1,1179.85,22.00,CreditCard
936,5/4/2025,1127,2000,401,3,969.31,16.00,Cash
937,5/4/2025,1149,2061,402,1,359.86,22.00,Cash
938,5/4/2025,1187,2016,401,3,2584.16,4.00,Online
939,5/4/2025,1168,2076,403,3,2418.21,22.00,Online
940,5/4/2025,1107,2077,402,2,898.93,17.00,Cash
941,5/4/2025,1101,2043,403,3,3493.8,5.00,CreditCard
942,5/4/2025,1034,2017,404,2,0,20.00,Online
943,5/4/2025,1179,2070,403,1,61.52,21.00,Cash
944,5/4/2025,1051,2026,403,2,338.5,9.00,CreditCard
945,5/4/2025,1172,2016,402,2,516.83,7.00,CreditCard
946,5/4/2025,1181,2014,403,3,246.3,9.00,CreditCard
947,5/4/2025,1149,2073,404,2,799.09,21.00,Online
948,5/4/2025,1108,2001,401,0,412.35,3.00,Online
949,5/4/2025,1097,2018,401,0,1084.52,17.00,Online
950,5/4/2025,1051,2034,402,2,217.87,6.00,CreditCard
951,5/4/2025,1174,2032,402,0,4728,23.00,Cash
952,5/4/2025,1176,2037,402,0,720.28,6.00,CreditCard
953,5/4/2025,1091,2057,401,1,786.56,24.00,Online
954,5/4/2025,1190,2082,404,1,239.94,23.00,CreditCard
955,5/4/2025,1130,2089,403,0,413.52,21.00,CreditCard
956,5/4/2025,1097,2049,404,2,0,14.00,CreditCard
957,5/4/2025,1141,2006,401,2,0,11.00,Cash
958,5/4/2025,1051,2079,404,1,1710.97,1.00,Cash
959,5/4/2025,1162,2090,403,1,257.9,5.00,Cash
960,5/4/2025,1198,2092,402,2,771.54,18.00,Online
961,5/4/2025,1114,2022,401,1,3020.31,25.00,Cash
962,5/4/2025,1044,2094,401,3,493.35,13.00,CreditCard
963,5/4/2025,1010,2054,403,2,720.41,6.00,Cash
964,5/4/2025,1033,2020,403,0,751.66,5.00,Online
965,5/4/2025,1084,2059,402,0,0,3.00,CreditCard
966,5/4/2025,1039,2041,401,2,0,7.00,Online
967,5/4/2025,1125,2073,403,0,1997.72,11.00,Online
968,5/4/2025,1005,2090,403,1,193.43,7.00,Online
969,5/4/2025,1047,2066,401,1,464.45,13.00,CreditCard
970,5/4/2025,1106,2069,404,0,464.78,9.00,CreditCard
971,5/4/2025,1089,2028,402,2,0,20.00,Cash
972,5/4/2025,1084,2046,403,1,0,12.00,Cash
973,5/4/2025,1192,2079,404,0,950.54,8.00,Online
974,5/4/2025,1029,2085,403,3,726.45,25.00,Online
975,5/4/2025,1061,2082,402,0,533.2,15.00,Online
976,5/4/2025,1174,2041,404,0,804.21,14.00,CreditCard
977,5/4/2025,1098,2032,403,0,0,11.00,Cash
978,5/4/2025,1132,2098,403,3,3631.44,2.00,Cash
979,5/4/2025,1124,2005,403,1,1157.71,9.00,Online
980,5/4/2025,1082,2065,401,0,1411.02,9.00,Online
981,5/4/2025,1042,2098,401,0,4539.3,12.00,CreditCard
982,5/4/2025,1053,2085,402,3,726.45,18.00,Online
983,5/4/2025,1026,2026,404,0,423.12,24.00,CreditCard
984,5/4/2025,1191,2087,402,0,477.96,15.00,Cash
985,5/4/2025,1117,2091,403,0,1811.58,9.00,Online
986,5/4/2025,1022,2009,401,1,119.36,22.00,Online
987,5/4/2025,1064,2071,401,1,1107.29,0.00,Online
988,5/4/2025,1066,2052,404,3,5118.82,1.00,Online
989,5/4/2025,1161,2051,404,2,375.42,8.00,Online
990,5/4/2025,1004,2049,401,0,939.84,15.00,Online
991,5/4/2025,1164,2092,401,0,2893.26,13.00,Online
992,5/4/2025,1179,2009,403,0,66.31,10.00,Cash
993,5/4/2025,1074,2087,403,0,477.96,11.00,Online
994,5/4/2025,1072,2097,404,3,842.1,25.00,Online
995,5/4/2025,1101,2084,401,3,1127.4,8.00,CreditCard
996,5/4/2025,1040,2068,402,1,2952.86,20.00,CreditCard
997,5/4/2025,1191,2050,403,1,504.31,20.00,Cash
998,5/4/2025,1076,2086,403,0,2682.3,23.00,CreditCard
999,5/4/2025,1141,2071,402,0,1230.32,14.00,CreditCard
1000,5/4/2025,1010,2000,404,0,3877.24,23.00,Online
1001,5/4/2025,1078,2026,403,1,761.62,18.00,Cash
1002,5/4/2025,1105,2082,402,1,239.94,25.00,Online
1003,5/4/2025,1047,2028,403,1,1148.29,10.00,Online
1004,5/4/2025,1029,2023,401,3,2818.62,22.00,Online
1005,5/4/2025,1165,2070,401,2,54.69,12.00,CreditCard
1006,5/4/2025,1171,2008,403,0,133.18,17.00,Cash
1007,5/4/2025,1050,2092,404,2,771.54,23.00,Online
1008,5/4/2025,1091,2016,402,0,1292.08,17.00,CreditCard
1009,5/4/2025,1072,2079,401,1,855.49,16.00,Cash
1010,5/4/2025,1081,2062,404,2,495.49,23.00,Online
1011,5/4/2025,1157,2084,403,1,253.67,15.00,Online
1012,5/4/2025,1144,2072,403,2,672.48,15.00,CreditCard
1013,5/4/2025,1109,2021,401,2,668.33,6.00,CreditCard
1014,5/4/2025,1063,2028,404,2,510.35,13.00,Cash
1015,5/4/2025,1092,2017,403,3,1854.8,16.00,CreditCard
1016,5/4/2025,1118,2057,403,2,699.17,0.00,CreditCard
1017,5/4/2025,1124,2070,401,1,30.76,8.00,Cash
1018,5/4/2025,1165,2077,401,2,449.46,24.00,Online
1019,5/4/2025,1035,2068,402,2,1968.58,21.00,CreditCard
1020,5/4/2025,1187,2080,401,0,0,0.00,Online
1021,5/4/2025,1004,2064,401,3,882.12,25.00,CreditCard
1022,5/4/2025,1196,2075,402,0,2341.92,1.00,CreditCard
1023,5/4/2025,1141,2033,404,1,0,5.00,Cash
1024,5/4/2025,1093,2050,402,2,448.27,20.00,CreditCard
1025,5/4/2025,1034,2059,401,3,1536.15,6.00,Cash
1026,5/4/2025,1093,2064,401,1,793.91,20.00,Online
1027,5/4/2025,1157,2087,402,1,286.78,6.00,Online
1028,5/4/2025,1114,2020,402,1,676.49,0.00,CreditCard
1029,5/4/2025,1188,2093,404,2,1814.26,4.00,Online
1030,5/4/2025,1010,2028,404,1,1148.29,23.00,CreditCard
1031,5/4/2025,1016,2033,403,1,2257.88,2.00,Online
1032,5/4/2025,1010,2085,402,2,387.44,0.00,CreditCard
1033,5/4/2025,1099,2060,404,0,0,14.00,Online
1034,5/4/2025,1010,2083,403,0,768.16,6.00,Online
1035,5/4/2025,1180,2066,403,2,1238.54,16.00,Cash
1036,5/4/2025,1148,2069,402,3,697.17,12.00,Cash
1037,5/4/2025,1167,2048,403,0,1072.89,11.00,Cash
1038,5/4/2025,1132,2032,404,1,851.04,8.00,CreditCard
1039,5/4/2025,1132,2051,403,2,187.71,23.00,CreditCard
1040,5/4/2025,1124,2061,401,1,0,1.00,CreditCard
1041,5/4/2025,1112,2021,402,0,835.41,0.00,Online
1042,5/4/2025,1131,2082,403,1,239.94,2.00,CreditCard
1043,5/4/2025,1038,2023,402,2,0,5.00,CreditCard
1044,5/4/2025,1154,2091,401,1,3260.84,20.00,Cash
1045,5/4/2025,1106,2042,401,3,1173.27,11.00,Online
1046,5/4/2025,1172,2061,404,1,719.71,6.00,Cash
1047,5/4/2025,1151,2020,404,0,1127.49,20.00,Online
1048,5/4/2025,1062,2005,402,1,385.9,14.00,Cash
1049,5/4/2025,1034,2080,401,1,2996.14,15.00,Cash
1050,5/4/2025,1014,2021,403,1,1503.74,15.00,Cash
1051,5/4/2025,1132,2051,401,2,281.57,2.00,Online
1052,5/4/2025,1021,2027,404,3,775.83,2.00,Online
1053,5/4/2025,1123,2021,402,3,0,6.00,Online
1054,5/4/2025,1153,2018,402,2,867.62,17.00,Cash
1055,5/4/2025,1042,2092,403,3,1446.63,12.00,CreditCard
1056,5/4/2025,1152,2075,401,1,2107.73,20.00,CreditCard
1057,5/4/2025,1096,2049,402,0,939.84,0.00,Cash
1058,5/4/2025,1004,2025,404,1,0,1.00,Cash
1059,5/4/2025,1155,2012,402,3,623.19,23.00,Online
1060,5/4/2025,1157,2076,401,0,2418.21,13.00,CreditCard
1061,5/4/2025,1023,2061,402,0,199.92,1.00,Cash
1062,5/4/2025,1198,2086,404,3,894.1,1.00,CreditCard
1063,5/4/2025,1094,2005,404,1,771.8,0.00,CreditCard
1064,5/4/2025,1123,2098,404,2,3631.44,3.00,Online
1065,5/4/2025,1150,2094,401,3,2466.75,6.00,CreditCard
1066,5/4/2025,1034,2032,404,1,1702.08,15.00,Cash
1067,5/4/2025,1021,2036,404,2,348.77,5.00,CreditCard
1068,5/4/2025,1048,2000,401,0,4846.55,2.00,Online
1069,5/4/2025,1133,2000,404,1,872.38,6.00,Cash
1070,5/4/2025,1176,2040,404,2,55.26,1.00,CreditCard
1071,5/4/2025,1027,2019,404,2,747.14,1.00,Cash
1072,5/4/2025,1066,2068,404,2,1968.58,23.00,Online
1073,5/4/2025,1156,2035,404,1,0,4.00,CreditCard
1074,5/4/2025,1105,2070,404,1,0,8.00,CreditCard
1075,5/4/2025,1094,2071,404,2,984.26,14.00,CreditCard
1076,5/4/2025,1078,2073,403,3,499.43,6.00,Online
1077,5/4/2025,1188,2017,401,1,417.33,13.00,CreditCard
1078,5/4/2025,1114,2089,402,0,827.04,16.00,Online
1079,5/4/2025,1054,2065,404,2,376.27,19.00,Cash
1080,5/4/2025,1140,2078,401,1,255.62,8.00,CreditCard
1081,5/4/2025,1099,2081,401,0,1492.44,22.00,CreditCard
1082,5/4/2025,1037,2060,404,0,1225.14,4.00,Cash
1083,5/4/2025,1016,2033,402,2,2007,14.00,Cash
1084,5/4/2025,1020,2077,401,3,561.83,16.00,CreditCard
1085,5/4/2025,1102,2078,403,0,142.01,0.00,Online
1086,5/4/2025,1198,2022,404,3,671.18,10.00,Online
1087,5/4/2025,1002,2025,403,1,503.32,17.00,CreditCard
1088,5/4/2025,1008,2076,402,1,1450.93,9.00,Cash
1089,5/4/2025,1172,2004,403,1,834.52,25.00,Online
1090,5/4/2025,1167,2000,402,0,969.31,15.00,Online
1091,5/4/2025,1070,2099,404,2,1551.17,6.00,Cash
1092,5/4/2025,1171,2050,404,1,168.1,2.00,CreditCard
1093,5/4/2025,1132,2001,401,0,2061.75,3.00,Cash
1094,5/4/2025,1140,2036,403,2,348.77,10.00,CreditCard
1095,5/4/2025,1070,2028,402,3,2551.76,6.00,CreditCard
1096,5/4/2025,1103,2073,401,2,0,16.00,Cash
1097,5/4/2025,1044,2052,401,0,2193.78,6.00,Cash
1098,5/4/2025,1128,2037,403,0,0,9.00,CreditCard
1099,5/4/2025,1131,2032,403,3,4728,9.00,CreditCard
1100,5/4/2025,1096,2072,404,1,378.27,19.00,CreditCard
1101,5/4/2025,1193,2043,404,3,2620.35,11.00,CreditCard
1102,5/4/2025,1150,2003,404,0,1155.54,16.00,CreditCard
1103,5/4/2025,1066,2008,404,1,59.93,12.00,Online
1104,5/4/2025,1173,2089,402,2,0,20.00,Online
1105,5/4/2025,1105,2045,401,2,499.42,17.00,Cash
1106,5/4/2025,1063,2036,401,3,653.94,24.00,CreditCard
1107,5/4/2025,1172,2095,403,0,981.58,25.00,Online
1108,5/4/2025,1141,2022,404,2,0,14.00,Online
1109,5/4/2025,1090,2027,403,1,698.25,16.00,Cash
1110,5/4/2025,1191,2087,402,3,955.92,10.00,Cash
1111,5/4/2025,1188,2025,402,1,251.66,0.00,CreditCard
1112,5/4/2025,1067,2026,402,1,380.81,8.00,Online
1113,5/4/2025,1063,2079,403,1,1710.97,7.00,CreditCard
1114,5/4/2025,1199,2013,401,0,5612.16,14.00,Cash
1115,5/4/2025,1173,2084,404,0,281.85,7.00,CreditCard
1116,5/4/2025,1195,2069,401,3,697.17,6.00,Online
1117,5/4/2025,1095,2079,403,3,950.54,17.00,CreditCard
1118,5/4/2025,1147,2035,404,1,809.99,7.00,Cash
1119,5/4/2025,1195,2065,403,3,1411.02,8.00,CreditCard
1120,5/4/2025,1056,2096,402,0,0,12.00,Online
1121,5/4/2025,1134,2054,404,0,3602.04,21.00,Online
1122,5/4/2025,1128,2044,404,1,373.64,25.00,Online
1123,5/4/2025,1117,2015,404,2,1619.93,21.00,Online
1124,5/4/2025,1176,2001,401,1,371.12,4.00,CreditCard
1125,5/4/2025,1097,2074,401,2,527.6,8.00,Cash
1126,5/4/2025,1092,2078,403,1,383.43,24.00,Cash
1127,5/4/2025,1140,2033,402,2,1338,19.00,Cash
1128,5/4/2025,1120,2078,403,2,227.22,23.00,Cash
1129,5/4/2025,1047,2063,404,1,0,7.00,Cash
1130,5/4/2025,1107,2089,403,2,330.82,19.00,Cash
1131,5/4/2025,1102,2035,404,1,1619.98,17.00,Online
1132,5/4/2025,1146,2016,402,0,0,6.00,Cash
1133,5/4/2025,1184,2034,402,3,680.85,1.00,Online
1134,5/4/2025,1097,2025,402,1,1258.29,10.00,CreditCard
1135,5/4/2025,1121,2001,402,3,0,24.00,Online
1136,5/4/2025,1127,2017,403,3,0,13.00,Online
1137,5/4/2025,1076,2032,401,3,6619.2,20.00,Cash
1138,5/4/2025,1025,2088,402,0,0,11.00,CreditCard
1139,5/4/2025,1055,2032,404,0,945.6,3.00,CreditCard
1140,5/4/2025,1115,2095,403,2,0,7.00,CreditCard
1141,5/4/2025,1092,2046,403,2,80.23,7.00,Online
1142,5/4/2025,1005,2052,401,2,1170.02,1.00,CreditCard
1143,5/4/2025,1173,2077,402,1,1516.94,3.00,Online
1144,5/4/2025,1199,2036,403,2,871.92,5.00,Cash
1145,5/4/2025,1172,2065,404,3,2822.04,6.00,Cash
1146,5/4/2025,1020,2048,403,3,1072.89,18.00,Cash
1147,5/4/2025,1161,2018,402,2,1301.42,21.00,Cash
1148,5/4/2025,1107,2080,404,0,4993.56,11.00,Cash
1149,5/4/2025,1020,2020,403,1,1014.74,25.00,CreditCard
1150,5/4/2025,1080,2040,403,2,55.26,8.00,Online
1151,5/4/2025,1154,2082,404,2,639.84,21.00,Online
1152,5/4/2025,1113,2099,403,3,646.32,12.00,Online
1153,5/4/2025,1105,2021,402,0,835.41,9.00,CreditCard
1154,5/4/2025,1032,2093,402,2,2419.01,7.00,CreditCard
1155,5/4/2025,1190,2089,401,1,0,0.00,CreditCard
1156,5/4/2025,1042,2050,401,0,1120.68,23.00,CreditCard
1157,5/4/2025,1016,2060,401,0,816.76,12.00,Online
1158,5/4/2025,1197,2050,401,0,560.34,4.00,Cash
1159,5/4/2025,1067,2079,402,0,1901.08,4.00,CreditCard
1160,5/4/2025,1167,2049,403,1,0,9.00,Cash
1161,5/4/2025,1063,2094,403,3,493.35,21.00,Online
1162,5/4/2025,1160,2016,402,1,1162.87,3.00,Online
1163,5/4/2025,1007,2004,403,2,2225.4,20.00,CreditCard
1164,5/4/2025,1121,2059,403,3,2048.2,21.00,Cash
1165,5/4/2025,1034,2089,402,3,2481.12,11.00,CreditCard
1166,5/4/2025,1161,2095,404,2,392.63,10.00,CreditCard
1167,5/4/2025,1088,2061,402,0,799.68,22.00,Cash
1168,5/4/2025,1113,2039,403,3,976.44,18.00,Online
1169,5/4/2025,1066,2019,403,0,933.93,8.00,CreditCard
1170,5/4/2025,1000,2066,402,2,412.85,4.00,CreditCard
1171,5/4/2025,1073,2060,401,3,0,4.00,CreditCard
1172,5/4/2025,1193,2061,403,0,199.92,11.00,Online
1173,5/4/2025,1196,2055,403,1,194.18,21.00,CreditCard
1174,5/4/2025,1001,2070,403,1,61.52,11.00,CreditCard
1175,5/4/2025,1105,2071,404,3,615.16,13.00,Cash
1176,5/4/2025,1063,2020,404,3,375.83,21.00,Online
1177,5/4/2025,1056,2033,401,3,836.25,15.00,Cash
1178,5/4/2025,1160,2030,403,2,271.95,0.00,CreditCard
1179,5/4/2025,1166,2095,403,3,1472.37,21.00,Cash
1180,5/4/2025,1048,2008,402,1,0,21.00,Online
1181,5/4/2025,1074,2014,404,3,738.9,11.00,Online
1182,5/4/2025,1069,2089,404,1,372.17,1.00,Cash
1183,5/4/2025,1082,2002,402,0,1732,9.00,Online
1184,5/4/2025,1136,2002,402,0,1732,0.00,CreditCard
1185,5/4/2025,1072,2034,402,3,0,25.00,Cash
1186,5/4/2025,1186,2001,402,0,824.7,18.00,Cash
1187,5/4/2025,1038,2001,404,1,0,0.00,Cash
1188,5/4/2025,1087,2053,403,3,2440.6,15.00,CreditCard
1189,5/4/2025,1095,2059,401,2,1638.56,21.00,CreditCard
1190,5/4/2025,1020,2096,402,0,2688.72,16.00,Cash
1191,5/4/2025,1068,2099,404,0,1938.96,20.00,CreditCard
1192,5/4/2025,1139,2060,402,1,1102.63,10.00,Cash
1193,5/4/2025,1064,2048,401,0,715.26,14.00,Online
1194,5/4/2025,1196,2091,402,3,0,19.00,CreditCard
1195,5/4/2025,1197,2056,402,0,1049.44,3.00,CreditCard
1196,5/4/2025,1050,2058,401,1,1800.22,16.00,Cash
1197,5/4/2025,1121,2049,403,2,751.87,0.00,Online
1198,5/4/2025,1040,2080,401,0,1664.52,9.00,Cash
1199,5/4/2025,1064,2061,403,1,179.93,0.00,Cash
1200,5/4/2025,1092,2006,402,0,198,12.00,Cash
1201,5/4/2025,1060,2081,404,2,1193.95,18.00,Online
1202,5/4/2025,1003,2021,403,0,2506.23,7.00,Online
1203,5/4/2025,1101,2031,401,0,1130.6,13.00,Cash
1204,5/4/2025,1148,2088,404,1,0,7.00,Cash
1205,5/4/2025,1095,2098,401,1,2451.22,6.00,CreditCard
1206,5/4/2025,1040,2063,401,2,883.94,25.00,Cash
1207,5/4/2025,1194,2080,401,0,1664.52,12.00,Cash
1208,5/4/2025,1091,2082,402,0,0,0.00,Cash
1209,5/4/2025,1032,2062,402,2,1981.95,11.00,Online
1210,5/4/2025,1142,2082,403,3,799.8,9.00,CreditCard
1211,5/4/2025,1187,2024,401,3,372.81,5.00,CreditCard
1212,5/4/2025,1091,2092,402,2,385.77,12.00,CreditCard
1213,5/4/2025,1010,2062,404,2,990.98,14.00,Online
1214,5/4/2025,1138,2089,404,1,744.34,13.00,Online
1215,5/4/2025,1145,2023,403,2,1503.26,7.00,CreditCard
1216,5/4/2025,1187,2059,403,1,1843.38,6.00,Online
1217,5/4/2025,1017,2067,402,3,0,19.00,CreditCard
1218,5/4/2025,1075,2033,403,3,836.25,19.00,Online
1219,5/4/2025,1000,2099,404,1,2326.75,6.00,Cash
1220,5/4/2025,1004,2079,403,1,0,18.00,Online
1221,5/4/2025,1082,2092,401,3,0,1.00,Online
1222,5/4/2025,1048,2067,404,1,785.56,24.00,Online
1223,5/4/2025,1156,2036,403,3,0,2.00,CreditCard
1224,5/4/2025,1164,2041,401,0,804.21,2.00,CreditCard
1225,5/4/2025,1133,2084,401,0,0,23.00,Cash
1226,5/4/2025,1033,2022,401,1,604.06,19.00,CreditCard
1227,5/4/2025,1027,2062,402,0,1238.72,10.00,CreditCard
1228,5/4/2025,1008,2073,404,3,1498.29,15.00,Online
1229,5/4/2025,1134,2079,403,0,950.54,1.00,Cash
1230,5/4/2025,1093,2028,401,0,1275.88,21.00,Online
1231,5/4/2025,1053,2083,404,0,2304.48,21.00,CreditCard
1232,5/4/2025,1119,2081,401,2,0,15.00,Cash
1233,5/4/2025,1142,2095,404,2,1177.9,4.00,Online
1234,5/4/2025,1181,2007,403,0,583.39,18.00,Cash
1235,5/4/2025,1187,2009,403,0,265.24,2.00,CreditCard
1236,5/4/2025,1055,2066,401,0,2580.3,1.00,CreditCard
1237,5/4/2025,1185,2029,404,1,12.16,0.00,CreditCard
1238,5/4/2025,1049,2067,402,1,261.86,4.00,Cash
1239,5/4/2025,1142,2095,404,0,1963.16,8.00,Cash
1240,5/4/2025,1196,2081,403,3,746.22,25.00,CreditCard
1241,5/4/2025,1179,2085,404,0,242.15,15.00,Cash
1242,5/4/2025,1042,2023,404,2,2254.9,8.00,Cash
1243,5/4/2025,1168,2020,404,2,601.33,0.00,CreditCard
1244,5/4/2025,1080,2070,403,2,0,20.00,Online
1245,5/4/2025,1105,2097,404,2,673.68,0.00,Cash
1246,5/4/2025,1155,2030,402,3,509.91,11.00,Online
1247,5/4/2025,1196,2070,403,2,27.34,18.00,Online
1248,5/4/2025,1115,2057,404,0,1747.92,0.00,CreditCard
1249,5/4/2025,1185,2004,403,0,2781.75,13.00,Online
1250,5/4/2025,1132,2017,403,0,0,19.00,Cash
1251,5/4/2025,1076,2028,402,2,1020.7,20.00,CreditCard
1252,5/4/2025,1005,2098,403,1,3268.3,7.00,CreditCard
1253,5/4/2025,1024,2004,404,2,1483.6,25.00,Online
1254,5/4/2025,1039,2017,403,2,370.96,8.00,Online
1255,5/4/2025,1149,2031,402,2,904.48,19.00,CreditCard
1256,5/4/2025,1076,2011,404,1,737.53,16.00,CreditCard
1257,5/4/2025,1187,2009,403,3,198.93,10.00,Cash
1258,5/4/2025,1044,2062,401,2,495.49,1.00,Cash
1259,5/4/2025,1009,2093,404,0,0,20.00,Online
1260,5/4/2025,1199,2007,403,2,1400.14,5.00,Online
1261,5/4/2025,1111,2053,401,1,3294.81,5.00,Cash
1262,5/4/2025,1191,2083,401,3,768.16,1.00,Online
1263,5/4/2025,1013,2039,401,2,1562.3,6.00,Cash
1264,5/4/2025,1138,2072,402,2,672.48,22.00,Online
1265,5/4/2025,1128,2089,402,1,744.34,1.00,Online
1266,5/4/2025,1012,2086,404,3,2682.3,16.00,Cash
1267,5/4/2025,1192,2076,401,1,1450.93,16.00,Online
1268,5/4/2025,1110,2037,404,1,324.13,1.00,Online
1269,5/4/2025,1033,2043,401,3,4367.25,18.00,Online
1270,5/4/2025,1146,2095,401,3,1963.16,18.00,Online
1271,5/4/2025,1067,2010,404,3,0,0.00,CreditCard
1272,5/4/2025,1198,2089,402,1,744.34,7.00,CreditCard
1273,5/4/2025,1123,2071,402,3,1845.48,18.00,CreditCard
1274,5/4/2025,1101,2083,402,1,2074.03,21.00,Online
1275,5/4/2025,1062,2009,403,3,66.31,6.00,Online
1276,5/4/2025,1082,2087,401,0,318.64,14.00,CreditCard
1277,5/4/2025,1171,2052,404,2,0,13.00,Cash
1278,5/4/2025,1089,2024,403,2,298.25,17.00,Online
1279,5/4/2025,1152,2083,401,2,1843.58,25.00,Online
1280,5/4/2025,1043,2044,404,1,373.64,13.00,Online
1281,5/4/2025,1112,2005,402,1,0,0.00,Cash
1282,5/4/2025,1175,2047,402,0,1004.94,23.00,Cash
1283,5/4/2025,1028,2094,401,1,888.03,18.00,CreditCard
1284,5/4/2025,1158,2018,403,0,2169.04,23.00,Cash
1285,5/4/2025,1087,2088,401,2,567.48,25.00,CreditCard
1286,5/4/2025,1115,2060,401,2,980.11,23.00,Cash
1287,5/4/2025,1053,2094,402,1,888.03,15.00,CreditCard
1288,5/4/2025,1139,2066,403,3,2580.3,16.00,Cash
1289,5/4/2025,1159,2093,402,0,0,15.00,CreditCard
1290,5/4/2025,1096,2074,401,2,1055.2,10.00,CreditCard
1291,5/4/2025,1043,2007,403,1,525.05,15.00,CreditCard
1292,5/4/2025,1178,2079,403,0,950.54,4.00,CreditCard
1293,5/4/2025,1119,2083,401,0,768.16,12.00,Cash
1294,5/4/2025,1099,2084,403,2,0,7.00,Online
1295,5/4/2025,1027,2002,403,3,866,8.00,Online
1296,5/4/2025,1059,2048,401,2,572.21,9.00,Cash
1297,5/4/2025,1124,2076,401,1,2176.39,16.00,Online
1298,5/4/2025,1050,2064,404,0,1470.2,4.00,Cash
1299,5/4/2025,1010,2031,403,2,1356.72,2.00,Cash
1300,5/4/2025,1125,2050,402,0,373.56,25.00,CreditCard
1301,5/4/2025,1088,2087,403,2,509.82,15.00,Cash
1302,5/4/2025,1160,2038,402,2,2223.62,13.00,CreditCard
1303,5/4/2025,1015,2080,403,3,2496.78,7.00,Cash
1304,5/4/2025,1007,2071,403,1,553.64,3.00,CreditCard
1305,5/4/2025,1038,2043,404,1,786.1,1.00,CreditCard
1306,5/4/2025,1022,2093,404,1,2721.38,22.00,CreditCard
1307,5/4/2025,1106,2030,402,3,1019.82,25.00,CreditCard
1308,5/4/2025,1079,2077,403,3,561.83,7.00,Cash
1309,5/4/2025,1138,2016,402,1,872.15,6.00,Cash
1310,5/4/2025,1148,2069,402,1,418.3,25.00,Online
1311,5/4/2025,1079,2088,402,3,709.35,9.00,Online
1312,5/4/2025,1197,2018,402,2,867.62,1.00,Cash
1313,5/4/2025,1017,2071,401,1,553.64,17.00,Cash
1314,5/4/2025,1081,2018,401,2,867.62,12.00,Online
1315,5/4/2025,1105,2052,403,3,731.26,15.00,Cash
1316,5/4/2025,1190,2081,403,1,0,11.00,Cash
1317,5/4/2025,1199,2024,401,1,223.69,20.00,Online
1318,5/4/2025,1047,2003,403,1,346.66,18.00,Online
1319,5/4/2025,1152,2029,402,0,27.02,20.00,Cash
1320,5/4/2025,1091,2010,404,1,210.17,2.00,Cash
1321,5/4/2025,1128,2077,404,2,0,6.00,Cash
1322,5/4/2025,1047,2049,404,3,0,5.00,Cash
1323,5/4/2025,1035,2020,402,1,676.49,10.00,CreditCard
1324,5/4/2025,1008,2052,401,2,585.01,17.00,Online
1325,5/4/2025,1105,2028,402,1,1148.29,0.00,Online
1326,5/4/2025,1016,2022,404,3,2684.72,18.00,Cash
1327,5/4/2025,1176,2041,404,1,1447.58,20.00,Cash
1328,5/4/2025,1109,2051,401,3,469.28,16.00,Online
1329,5/4/2025,1184,2040,404,0,103.62,15.00,Cash
1330,5/4/2025,1133,2013,404,3,3741.44,12.00,Cash
1331,5/4/2025,1010,2031,404,0,1130.6,2.00,CreditCard
1332,5/4/2025,1142,2049,401,1,0,25.00,Cash
1333,5/4/2025,1074,2056,404,2,839.55,10.00,CreditCard
1334,5/4/2025,1198,2036,404,1,392.36,7.00,Online
1335,5/4/2025,1108,2037,401,1,648.25,6.00,CreditCard
1336,5/4/2025,1118,2082,404,0,799.8,24.00,Cash
1337,5/4/2025,1184,2064,401,1,264.64,12.00,Cash
1338,5/4/2025,1199,2074,402,3,1978.5,14.00,CreditCard
1339,5/4/2025,1105,2041,404,0,0,5.00,Online
1340,5/4/2025,1045,2058,402,3,0,8.00,Online
1341,5/4/2025,1023,2032,403,1,1702.08,6.00,Online
1342,5/4/2025,1183,2093,401,0,2267.82,14.00,Online
1343,5/4/2025,1029,2090,404,2,57.31,8.00,CreditCard
1344,5/4/2025,1021,2067,404,1,261.86,23.00,Online
1345,5/4/2025,1096,2070,404,0,136.72,6.00,Online
1346,5/4/2025,1196,2021,403,1,751.87,5.00,Online
1347,5/4/2025,1041,2018,402,0,1084.52,21.00,Online
1348,5/4/2025,1107,2039,403,3,0,13.00,CreditCard
1349,5/4/2025,1073,2080,402,0,3329.04,3.00,Cash
1350,5/4/2025,1033,2025,401,2,671.09,6.00,CreditCard
1351,5/4/2025,1003,2058,404,3,2000.25,16.00,Online
1352,5/4/2025,1139,2000,404,1,1744.76,20.00,Online
1353,5/4/2025,1055,2075,404,3,3122.56,15.00,Online
1354,5/4/2025,1104,2056,401,0,1574.16,10.00,Cash
1355,5/4/2025,1062,2070,403,1,30.76,10.00,Cash
1356,5/4/2025,1012,2023,402,0,2818.62,17.00,CreditCard
1357,5/4/2025,1167,2044,401,1,560.47,19.00,CreditCard
1358,5/4/2025,1008,2085,403,2,0,23.00,Online
1359,5/4/2025,1022,2006,401,3,990,9.00,Online
1360,5/4/2025,1045,2020,403,1,1352.99,8.00,CreditCard
1361,5/4/2025,1116,2095,403,0,981.58,12.00,CreditCard
1362,5/4/2025,1023,2098,403,2,1452.58,11.00,Online
1363,5/4/2025,1094,2048,401,3,1072.89,21.00,Cash
1364,5/4/2025,1140,2008,403,3,0,9.00,Cash
1365,5/4/2025,1034,2015,403,2,1079.95,13.00,Online
1366,5/4/2025,1134,2052,402,1,1316.27,12.00,Online
1367,5/4/2025,1156,2007,401,0,1750.17,15.00,Cash
1368,5/4/2025,1123,2092,403,3,0,24.00,Online
1369,5/4/2025,1155,2040,403,2,27.63,19.00,Online
1370,5/4/2025,1033,2078,404,3,568.04,25.00,CreditCard
1371,5/4/2025,1126,2023,402,2,2254.9,23.00,CreditCard
1372,5/4/2025,1049,2000,401,0,3877.24,2.00,Online
1373,5/4/2025,1119,2080,401,1,0,13.00,Cash
1374,5/4/2025,1157,2053,404,0,1830.45,17.00,Online
1375,5/4/2025,1085,2044,402,0,207.58,8.00,Online
1376,5/4/2025,1163,2025,403,2,447.39,10.00,Cash
1377,5/4/2025,1017,2039,403,2,3905.76,2.00,Online
1378,5/4/2025,1196,2000,401,2,0,21.00,Online
1379,5/4/2025,1087,2050,401,1,168.1,0.00,CreditCard
1380,5/4/2025,1049,2042,403,3,670.44,2.00,CreditCard
1381,5/4/2025,1121,2004,402,3,3709,0.00,CreditCard
1382,5/4/2025,1039,2080,404,2,665.81,7.00,CreditCard
1383,5/4/2025,1118,2052,401,2,0,5.00,CreditCard
1384,5/4/2025,1144,2092,403,0,1446.63,14.00,Cash
1385,5/4/2025,1053,2073,403,2,1198.63,5.00,Cash
1386,5/4/2025,1016,2019,403,0,0,16.00,Online
1387,5/4/2025,1086,2048,402,3,1072.89,19.00,Online
1388,5/4/2025,1047,2076,401,2,0,6.00,CreditCard
1389,5/4/2025,1180,2040,401,2,110.53,3.00,Cash
1390,5/4/2025,1105,2011,404,1,0,13.00,Cash
1391,5/4/2025,1095,2057,403,1,786.56,12.00,Cash
1392,5/4/2025,1134,2038,402,0,926.51,25.00,CreditCard
1393,5/4/2025,1095,2004,402,0,0,5.00,Online
1394,5/4/2025,1113,2064,401,3,294.04,0.00,Cash
1395,5/4/2025,1128,2019,402,2,1494.29,0.00,Online
1396,5/4/2025,1123,2093,403,2,3023.76,23.00,Cash
1397,5/4/2025,1036,2098,401,1,817.07,25.00,CreditCard
1398,5/4/2025,1052,2092,401,3,1928.84,23.00,Online
1399,5/4/2025,1099,2091,401,0,905.79,23.00,CreditCard
1400,5/4/2025,1079,2005,401,2,1715.12,16.00,CreditCard
1401,5/4/2025,1119,2005,401,2,686.05,5.00,CreditCard
1402,5/4/2025,1005,2073,403,1,0,9.00,Cash
1403,5/4/2025,1082,2025,402,2,223.7,12.00,Online
1404,5/4/2025,1070,2068,403,3,2460.72,15.00,Online
1405,5/4/2025,1171,2015,403,1,0,16.00,CreditCard
1406,5/4/2025,1040,2035,401,0,899.99,23.00,CreditCard
1407,5/4/2025,1159,2071,401,1,1660.93,17.00,Cash
1408,5/4/2025,1138,2044,403,2,0,8.00,Online
1409,5/4/2025,1036,2090,403,1,0,12.00,CreditCard
1410,5/4/2025,1043,2009,403,2,106.1,12.00,Cash
1411,5/4/2025,1138,2056,401,1,944.5,5.00,Online
1412,5/4/2025,1007,2060,401,0,816.76,6.00,Online
1413,5/4/2025,1098,2006,401,3,990,6.00,Online
1414,5/4/2025,1100,2022,404,2,1610.83,3.00,CreditCard
1415,5/4/2025,1079,2042,402,0,167.61,17.00,Online
1416,5/4/2025,1193,2097,404,1,2273.67,17.00,CreditCard
1417,5/4/2025,1023,2089,404,0,413.52,19.00,Online
1418,5/4/2025,1116,2039,404,3,3905.76,18.00,Online
1419,5/4/2025,1059,2028,402,2,1531.06,18.00,CreditCard
1420,5/4/2025,1093,2050,402,2,298.85,11.00,Online
1421,5/4/2025,1083,2058,404,0,2000.25,8.00,Cash
1422,5/4/2025,1016,2060,401,2,653.41,10.00,Online
1423,5/4/2025,1122,2059,402,2,1228.92,5.00,Cash
1424,5/4/2025,1196,2044,402,0,207.58,12.00,Cash
1425,5/4/2025,1103,2091,401,2,2173.9,14.00,Online
1426,5/4/2025,1142,2083,401,2,1229.06,4.00,CreditCard
1427,5/4/2025,1136,2059,404,3,2560.25,25.00,CreditCard
1428,5/4/2025,1061,2079,402,1,2566.46,15.00,CreditCard
1429,5/4/2025,1123,2049,401,2,751.87,15.00,Online
1430,5/4/2025,1053,2088,404,3,709.35,15.00,CreditCard
1431,5/4/2025,1145,2043,402,1,1572.21,6.00,CreditCard
1432,5/4/2025,1169,2085,401,3,1210.75,5.00,Online
1433,5/4/2025,1029,2075,404,2,1249.02,15.00,Online
1434,5/4/2025,1142,2012,404,1,1682.61,25.00,Cash
1435,5/4/2025,1078,2051,401,0,117.32,1.00,CreditCard
1436,5/4/2025,1175,2076,404,2,1289.71,0.00,Online
1437,5/4/2025,1126,2082,401,0,1066.4,7.00,Online
1438,5/4/2025,1055,2017,401,1,1669.32,16.00,CreditCard
1439,5/4/2025,1169,2019,404,2,747.14,23.00,CreditCard
1440,5/4/2025,1099,2078,404,1,383.43,5.00,Cash
1441,5/4/2025,1052,2087,403,2,0,16.00,CreditCard
1442,5/4/2025,1145,2086,403,3,2682.3,25.00,Online
1443,5/4/2025,1183,2044,401,0,1037.9,2.00,Cash
1444,5/4/2025,1156,2065,404,1,423.31,18.00,CreditCard
1445,5/4/2025,1075,2007,403,0,1166.78,10.00,CreditCard
1446,5/4/2025,1000,2090,403,0,143.28,22.00,Cash
1447,5/4/2025,1072,2003,402,3,0,18.00,CreditCard
1448,5/4/2025,1179,2075,404,2,1873.54,23.00,Online
1449,5/4/2025,1182,2048,404,3,357.63,25.00,Online
1450,5/4/2025,1111,2069,402,1,836.6,25.00,CreditCard
1451,5/4/2025,1121,2017,402,3,2782.2,14.00,Cash
1452,5/4/2025,1092,2053,402,2,1464.36,24.00,CreditCard
1453,5/4/2025,1171,2016,402,0,646.04,12.00,Cash
1454,5/4/2025,1018,2082,401,1,0,5.00,Online
1455,5/4/2025,1184,2062,404,1,1672.27,12.00,Online
1456,5/4/2025,1021,2017,404,3,463.7,9.00,CreditCard
1457,5/4/2025,1178,2077,404,1,505.65,22.00,CreditCard
1458,5/4/2025,1116,2065,404,3,470.34,4.00,Cash
1459,5/4/2025,1098,2045,402,1,280.93,0.00,Cash
1460,5/4/2025,1108,2077,401,3,1685.49,19.00,Cash
1461,5/4/2025,1187,2030,403,3,509.91,24.00,CreditCard
1462,5/4/2025,1139,2073,403,0,499.43,0.00,CreditCard
1463,5/4/2025,1009,2072,404,2,0,3.00,Online
1464,5/4/2025,1028,2074,404,0,3297.5,14.00,Cash
1465,5/4/2025,1036,2093,403,3,0,10.00,CreditCard
1466,5/4/2025,1132,2010,401,1,0,20.00,Cash
1467,5/4/2025,1120,2080,401,2,665.81,14.00,CreditCard
1468,5/4/2025,1156,2006,403,0,198,22.00,Online
1469,5/4/2025,1120,2058,404,2,1600.2,9.00,Online
1470,5/4/2025,1107,2045,403,2,249.71,19.00,CreditCard
1471,5/4/2025,1042,2004,403,2,0,0.00,Cash
1472,5/4/2025,1015,2080,404,1,749.03,17.00,CreditCard
1473,5/4/2025,1146,2006,403,0,792,8.00,CreditCard
1474,5/4/2025,1073,2062,401,1,1114.85,6.00,Online
1475,5/4/2025,1129,2009,403,2,0,11.00,CreditCard
1476,5/4/2025,1033,2078,403,2,340.82,12.00,Cash
1477,5/4/2025,1065,2001,401,1,371.12,13.00,Online
1478,5/4/2025,1151,2094,402,3,493.35,4.00,Cash
1479,5/4/2025,1094,2022,403,1,0,2.00,Cash
1480,5/4/2025,1124,2023,401,2,2254.9,13.00,CreditCard
1481,5/4/2025,1021,2018,402,3,542.26,19.00,CreditCard
1482,5/4/2025,1192,2052,404,1,0,4.00,Online
1483,5/4/2025,1169,2056,402,1,944.5,6.00,CreditCard
1484,5/4/2025,1147,2093,403,0,2267.82,17.00,Cash
1485,5/4/2025,1164,2033,401,0,836.25,13.00,Cash
1486,5/4/2025,1042,2059,404,3,3072.3,3.00,Cash
1487,5/4/2025,1077,2060,402,3,1633.52,13.00,Online
1488,5/4/2025,1174,2090,404,3,286.56,2.00,Cash
1489,5/4/2025,1067,2018,404,0,2169.04,7.00,CreditCard
1490,5/4/2025,1073,2057,404,2,349.58,13.00,Cash
1491,5/4/2025,1135,2087,401,0,318.64,23.00,Online
1492,5/4/2025,1136,2081,403,3,2238.66,7.00,CreditCard
1493,5/4/2025,1156,2083,403,2,1229.06,6.00,Online
1494,5/4/2025,1069,2034,401,2,217.87,24.00,Cash
1495,5/4/2025,1167,2074,404,3,2638,7.00,Cash
1496,5/4/2025,1197,2086,402,1,2414.07,11.00,Cash
1497,5/4/2025,1133,2043,402,2,1397.52,6.00,Cash
1498,5/4/2025,1140,2001,401,0,1237.05,7.00,Cash
1499,5/4/2025,1003,2052,401,0,731.26,0.00,Online
1500,5/4/2025,1175,2057,403,1,1179.85,18.00,Online
1501,5/4/2025,1185,2036,403,1,980.91,12.00,CreditCard
1502,5/4/2025,1008,2003,401,0,0,17.00,CreditCard
1503,5/4/2025,1152,2084,402,0,281.85,20.00,Cash
1504,5/4/2025,1181,2015,401,1,1214.95,8.00,Cash
1505,5/4/2025,1096,2084,402,0,0,20.00,Cash
1506,5/4/2025,1178,2023,403,2,1503.26,18.00,Cash
1507,5/4/2025,1119,2084,401,3,0,10.00,Cash
1508,5/4/2025,1070,2098,404,2,1452.58,8.00,Online
1509,5/4/2025,1065,2020,401,2,300.66,18.00,Online
1510,5/4/2025,1198,2007,404,3,2333.56,1.00,Online
1511,5/4/2025,1085,2007,403,2,933.42,2.00,Cash
1512,5/4/2025,1045,2056,401,3,3148.32,10.00,Online
1513,5/4/2025,1051,2078,404,1,383.43,14.00,Cash
1514,5/4/2025,1165,2062,401,1,557.42,25.00,Online
1515,5/4/2025,1138,2098,404,1,817.07,11.00,Online
1516,5/4/2025,1157,2082,401,3,1066.4,23.00,CreditCard
1517,5/4/2025,1183,2033,401,0,0,11.00,CreditCard
1518,5/4/2025,1018,2009,403,3,0,17.00,Online
1519,5/4/2025,1004,2063,402,0,552.46,9.00,Cash
1520,5/4/2025,1009,2085,404,2,193.72,10.00,CreditCard
1521,5/4/2025,1038,2089,403,3,1240.56,24.00,Online
1522,5/4/2025,1147,2000,404,3,4846.55,20.00,CreditCard
1523,5/4/2025,1111,2051,401,1,211.18,11.00,Online
1524,5/4/2025,1000,2049,404,0,5639.04,9.00,Cash
1525,5/4/2025,1145,2068,403,2,656.19,11.00,CreditCard
1526,5/4/2025,1174,2038,404,0,1853.02,25.00,Cash
1527,5/4/2025,1161,2082,401,2,213.28,22.00,CreditCard
1528,5/4/2025,1136,2043,401,3,3493.8,17.00,Cash
1529,5/4/2025,1194,2098,403,1,2451.22,3.00,Cash
1530,5/4/2025,1045,2070,401,3,102.54,10.00,Online
1531,5/4/2025,1169,2024,403,3,621.35,5.00,Cash
1532,5/4/2025,1027,2080,403,3,2496.78,22.00,Online
1533,5/4/2025,1021,2080,404,1,2247.1,8.00,Online
1534,5/4/2025,1035,2004,402,0,1854.5,0.00,CreditCard
1535,5/4/2025,1184,2075,402,3,2341.92,4.00,CreditCard
1536,5/4/2025,1099,2008,403,3,66.59,1.00,Online
1537,5/4/2025,1136,2057,401,0,1310.94,4.00,Online
1538,5/4/2025,1086,2007,403,0,1750.17,12.00,Cash
1539,5/4/2025,1103,2015,402,3,2024.91,14.00,Cash
1540,5/4/2025,1173,2068,402,1,0,7.00,CreditCard
1541,5/4/2025,1018,2004,402,3,927.25,13.00,CreditCard
1542,5/4/2025,1167,2002,404,0,866,5.00,Online
1543,5/4/2025,1062,2089,402,0,2067.6,2.00,Cash
1544,5/4/2025,1044,2080,401,2,665.81,21.00,Online
1545,5/4/2025,1024,2058,402,0,2000.25,11.00,Online
1546,5/4/2025,1027,2014,404,1,443.34,1.00,CreditCard
1547,5/4/2025,1016,2025,404,2,671.09,23.00,Online
1548,5/4/2025,1188,2086,404,2,2861.12,4.00,Online
1549,5/4/2025,1030,2087,402,2,382.37,11.00,CreditCard
1550,5/4/2025,1054,2097,401,1,2273.67,18.00,Online
1551,5/4/2025,1085,2008,401,2,106.54,10.00,CreditCard
1552,5/4/2025,1036,2096,404,1,1814.89,11.00,Online
1553,5/4/2025,1178,2047,402,3,1004.94,18.00,CreditCard
1554,5/4/2025,1062,2074,401,1,1187.1,12.00,CreditCard
1555,5/4/2025,1025,2080,404,1,3745.17,4.00,Cash
1556,5/4/2025,1004,2062,401,0,2477.44,3.00,CreditCard
1557,5/4/2025,1001,2022,401,2,536.94,15.00,Cash
1558,5/4/2025,1106,2088,404,1,1276.83,20.00,Cash
1559,5/4/2025,1052,2018,403,3,2169.04,13.00,CreditCard
1560,5/4/2025,1105,2030,402,0,339.94,1.00,Cash
1561,5/4/2025,1152,2023,404,0,1879.08,17.00,Online
1562,5/4/2025,1160,2038,403,3,0,19.00,Cash
1563,5/4/2025,1001,2071,402,1,1660.93,24.00,Online
1564,5/4/2025,1030,2067,401,2,465.52,4.00,CreditCard
1565,5/4/2025,1194,2069,402,3,929.56,24.00,Online
1566,5/4/2025,1197,2080,402,2,1331.62,19.00,Cash
1567,5/4/2025,1013,2024,401,1,335.53,23.00,Cash
1568,5/4/2025,1175,2060,404,1,735.08,13.00,Online
1569,5/4/2025,1040,2085,401,0,484.3,0.00,Cash
1570,5/4/2025,1165,2046,403,1,60.17,12.00,CreditCard
1571,5/4/2025,1111,2032,403,3,3782.4,6.00,Cash
1572,5/4/2025,1011,2013,401,1,1683.65,1.00,CreditCard
1573,5/4/2025,1040,2003,404,0,385.18,6.00,Cash
1574,5/4/2025,1018,2030,404,2,135.98,10.00,Online
1575,5/4/2025,1107,2025,403,1,754.97,7.00,CreditCard
1576,5/4/2025,1199,2014,403,1,0,21.00,Online
1577,5/4/2025,1025,2030,404,1,0,23.00,Cash
1578,5/4/2025,1096,2028,401,3,2551.76,5.00,CreditCard
1579,5/4/2025,1149,2062,401,3,1858.08,0.00,Cash
1580,5/4/2025,1037,2027,404,1,465.5,6.00,CreditCard
1581,5/4/2025,1099,2047,402,3,0,4.00,CreditCard
1582,5/4/2025,1184,2024,403,2,198.83,2.00,CreditCard
1583,5/4/2025,1051,2042,402,0,167.61,10.00,Online
1584,5/4/2025,1177,2072,401,2,672.48,8.00,CreditCard
1585,5/4/2025,1034,2014,404,3,985.2,22.00,Online
1586,5/4/2025,1107,2021,403,1,751.87,2.00,Cash
1587,5/4/2025,1075,2077,402,1,2528.24,1.00,CreditCard
1588,5/4/2025,1147,2070,402,0,34.18,22.00,Cash
1589,5/4/2025,1105,2066,404,1,928.91,6.00,Online
1590,5/4/2025,1151,2060,404,2,653.41,12.00,Cash
1591,5/4/2025,1003,2093,404,1,680.35,2.00,Online
1592,5/4/2025,1063,2041,404,1,2171.37,5.00,Cash
1593,5/4/2025,1151,2019,401,3,933.93,17.00,Cash
1594,5/4/2025,1011,2005,404,0,428.78,25.00,Cash
1595,5/4/2025,1108,2067,404,3,290.95,5.00,Online
1596,5/4/2025,1178,2012,404,3,623.19,25.00,Online
1597,5/4/2025,1061,2010,401,3,389.2,20.00,Online
1598,5/4/2025,1055,2016,403,2,0,2.00,CreditCard
1599,5/4/2025,1061,2082,401,0,266.6,8.00,Online
1600,5/4/2025,1122,2085,403,1,217.94,15.00,CreditCard
1601,5/4/2025,1180,2058,401,3,666.75,8.00,Cash
1602,5/4/2025,1118,2098,402,3,907.86,8.00,CreditCard
1603,5/4/2025,1047,2047,404,0,334.98,11.00,Online
1604,5/4/2025,1160,2009,404,2,0,10.00,Online
1605,5/4/2025,1135,2004,403,3,3709,19.00,Cash
1606,5/4/2025,1192,2034,402,0,0,5.00,CreditCard
1607,5/4/2025,1158,2042,401,2,402.26,9.00,CreditCard
1608,5/4/2025,1013,2014,404,2,197.04,23.00,Cash
1609,5/4/2025,1119,2079,401,2,4562.59,1.00,Cash
1610,5/4/2025,1093,2022,401,1,604.06,4.00,Online
1611,5/4/2025,1035,2042,402,0,335.22,12.00,Online
1612,5/4/2025,1166,2061,402,1,179.93,20.00,Online
1613,5/4/2025,1082,2045,403,3,312.14,13.00,Online
1614,5/4/2025,1070,2006,401,2,633.6,8.00,Online
1615,5/4/2025,1088,2057,404,0,436.98,24.00,Online
1616,5/4/2025,1120,2090,403,3,214.92,15.00,Cash
1617,5/4/2025,1158,2047,401,1,904.45,13.00,CreditCard
1618,5/4/2025,1117,2011,401,3,0,23.00,Online
1619,5/4/2025,1045,2036,401,0,217.98,24.00,Cash
1620,5/4/2025,1042,2035,401,1,809.99,2.00,Online
1621,5/4/2025,1127,2019,402,0,933.93,5.00,CreditCard
1622,5/4/2025,1075,2053,402,3,2440.6,24.00,CreditCard
1623,5/4/2025,1088,2053,404,0,610.15,24.00,Online
1624,5/4/2025,1074,2024,401,0,248.54,10.00,Online
1625,5/4/2025,1059,2066,403,3,2064.24,21.00,CreditCard
1626,5/4/2025,1148,2043,403,3,873.45,15.00,CreditCard
1627,5/4/2025,1151,2085,404,3,726.45,12.00,Cash
1628,5/4/2025,1077,2072,402,2,1008.72,16.00,Cash
1629,5/4/2025,1043,2033,402,3,836.25,11.00,Cash
1630,5/4/2025,1095,2036,401,1,392.36,7.00,Online
1631,5/4/2025,1090,2036,404,1,588.55,1.00,Online
1632,5/4/2025,1158,2020,403,1,676.49,18.00,Online
1633,5/4/2025,1044,2090,402,1,0,13.00,CreditCard
1634,5/4/2025,1060,2014,401,2,591.12,9.00,CreditCard
1635,5/4/2025,1147,2016,404,2,516.83,0.00,Online
1636,5/4/2025,1094,2023,402,0,1879.08,0.00,CreditCard
1637,5/4/2025,1170,2040,403,1,0,14.00,CreditCard
1638,5/4/2025,1095,2057,402,2,349.58,2.00,CreditCard
1639,5/4/2025,1031,2003,404,3,0,13.00,Cash
1640,5/4/2025,1196,2018,404,2,433.81,20.00,Cash
1641,5/4/2025,1039,2000,403,2,775.45,25.00,Online
1642,5/4/2025,1121,2037,402,3,1080.42,25.00,CreditCard
1643,5/4/2025,1086,2088,401,3,2837.4,9.00,Cash
1644,5/4/2025,1010,2017,401,2,1112.88,8.00,CreditCard
1645,5/4/2025,1006,2051,402,3,351.96,3.00,Cash
1646,5/4/2025,1091,2011,403,0,819.48,3.00,Cash
1647,5/4/2025,1155,2082,402,1,959.76,14.00,CreditCard
1648,5/4/2025,1005,2098,403,1,817.07,21.00,CreditCard
1649,5/4/2025,1005,2010,404,0,233.52,22.00,Cash
1650,5/4/2025,1131,2050,402,3,747.12,19.00,CreditCard
1651,5/4/2025,1081,2077,401,2,1797.86,5.00,Online
1652,5/4/2025,1101,2018,404,2,867.62,12.00,Cash
1653,5/4/2025,1098,2047,401,2,1071.94,3.00,Cash
1654,5/4/2025,1088,2044,403,3,830.32,8.00,CreditCard
1655,5/4/2025,1143,2011,402,3,1229.22,7.00,CreditCard
1656,5/4/2025,1189,2053,404,2,1464.36,1.00,Cash
1657,5/4/2025,1041,2093,404,3,2267.82,14.00,Online
1658,5/4/2025,1035,2075,401,1,1405.15,18.00,CreditCard
1659,5/4/2025,1053,2038,404,2,2964.83,8.00,CreditCard
1660,5/4/2025,1016,2075,404,0,3122.56,8.00,Cash
1661,5/4/2025,1001,2052,403,3,731.26,23.00,CreditCard
1662,5/4/2025,1044,2071,404,1,553.64,25.00,CreditCard
1663,5/4/2025,1051,2023,404,2,0,20.00,CreditCard
1664,5/4/2025,1141,2062,401,2,1486.46,1.00,Online
1665,5/4/2025,1149,2038,404,3,926.51,25.00,Cash
1666,5/4/2025,1057,2003,401,1,2079.97,16.00,CreditCard
1667,5/4/2025,1067,2038,404,0,926.51,18.00,CreditCard
1668,5/4/2025,1167,2085,403,3,242.15,19.00,Online
1669,5/4/2025,1045,2062,402,0,1858.08,21.00,Online
1670,5/4/2025,1030,2097,403,3,3368.4,19.00,Online
1671,5/4/2025,1017,2076,403,3,0,21.00,Online
1672,5/4/2025,1144,2055,403,3,161.82,18.00,Online
1673,5/4/2025,1177,2015,403,0,674.97,7.00,Online
1674,5/4/2025,1066,2020,401,1,1014.74,21.00,CreditCard
1675,5/4/2025,1081,2059,402,2,409.64,2.00,CreditCard
1676,5/4/2025,1041,2006,403,2,475.2,2.00,CreditCard
1677,5/4/2025,1107,2081,403,0,3731.1,7.00,Cash
1678,5/4/2025,1074,2037,401,1,0,19.00,Online
1679,5/4/2025,1196,2080,402,0,832.26,3.00,Cash
1680,5/4/2025,1153,2096,402,2,1075.49,17.00,CreditCard
1681,5/4/2025,1080,2087,403,2,127.46,6.00,Cash
1682,5/4/2025,1175,2089,403,0,2067.6,15.00,Online
1683,5/4/2025,1136,2074,403,1,593.55,8.00,Online
1684,5/4/2025,1003,2017,403,2,1112.88,8.00,Cash
1685,5/4/2025,1199,2062,404,2,990.98,9.00,CreditCard
1686,5/4/2025,1041,2013,402,1,1683.65,1.00,Online
1687,5/4/2025,1128,2028,402,0,0,17.00,Online
1688,5/4/2025,1106,2058,401,0,1333.5,13.00,Cash
1689,5/4/2025,1033,2002,404,2,1385.6,20.00,Cash
1690,5/4/2025,1079,2088,403,1,2553.66,23.00,Online
1691,5/4/2025,1113,2076,403,1,0,14.00,Online
1692,5/4/2025,1181,2038,401,0,2779.53,13.00,Online
1693,5/4/2025,1056,2016,402,1,872.15,1.00,Online
1694,5/4/2025,1078,2016,402,1,872.15,0.00,Cash
1695,5/4/2025,1020,2054,401,0,1801.02,0.00,Online
1696,5/4/2025,1004,2099,404,3,0,20.00,CreditCard
1697,5/4/2025,1010,2025,401,0,559.24,22.00,CreditCard
1698,5/4/2025,1168,2065,401,3,1411.02,6.00,CreditCard
1699,5/4/2025,1030,2032,401,0,945.6,22.00,Online
1700,5/4/2025,1077,2085,401,0,0,1.00,CreditCard
1701,5/4/2025,1005,2015,402,1,0,14.00,Cash
1702,5/4/2025,1047,2085,403,0,242.15,11.00,CreditCard
1703,5/4/2025,1023,2018,403,2,0,18.00,CreditCard
1704,5/4/2025,1090,2020,402,0,751.66,13.00,Online
1705,5/4/2025,1025,2074,401,1,593.55,25.00,CreditCard
1706,5/4/2025,1183,2024,403,1,335.53,6.00,Cash
1707,5/4/2025,1193,2068,401,0,820.24,8.00,Cash
1708,5/4/2025,1054,2064,404,2,235.23,11.00,Online
1709,5/4/2025,1178,2075,402,3,5464.48,3.00,Cash
1710,5/4/2025,1172,2013,402,2,2244.86,9.00,Online
1711,5/4/2025,1097,2054,402,1,810.46,24.00,Cash
1712,5/4/2025,1104,2014,403,0,246.3,24.00,CreditCard
1713,5/4/2025,1119,2014,402,3,1231.5,6.00,Cash
1714,5/4/2025,1195,2046,403,0,100.29,20.00,Cash
1715,5/4/2025,1021,2041,404,0,0,24.00,CreditCard
1716,5/4/2025,1098,2036,404,2,0,8.00,Cash
1717,5/4/2025,1175,2056,402,3,2098.88,21.00,CreditCard
1718,5/4/2025,1074,2054,402,0,2701.53,17.00,Cash
1719,5/4/2025,1121,2086,403,1,3218.76,16.00,Cash
1720,5/4/2025,1003,2086,404,0,1788.2,15.00,Cash
1721,5/4/2025,1101,2056,401,0,524.72,0.00,Cash
1722,5/4/2025,1036,2050,404,0,747.12,13.00,CreditCard
1723,5/4/2025,1189,2021,401,2,1336.66,13.00,CreditCard
1724,5/4/2025,1050,2043,402,3,873.45,2.00,Online
1725,5/4/2025,1031,2029,404,3,40.53,24.00,Online
1726,5/4/2025,1071,2097,403,3,2526.3,14.00,Cash
1727,5/4/2025,1091,2060,404,3,1225.14,8.00,Online
1728,5/4/2025,1130,2035,402,3,899.99,2.00,Online
1729,5/4/2025,1027,2015,403,3,0,25.00,CreditCard
1730,5/4/2025,1127,2029,402,0,40.53,25.00,Online
1731,5/4/2025,1025,2094,401,0,1973.4,14.00,CreditCard
1732,5/4/2025,1127,2086,401,1,4828.14,0.00,Cash
1733,5/4/2025,1097,2077,403,1,2022.59,1.00,Online
1734,5/4/2025,1077,2079,401,0,1901.08,15.00,Online
1735,5/4/2025,1169,2096,404,3,672.18,3.00,Cash
1736,5/4/2025,1051,2037,404,3,1800.7,20.00,Cash
1737,5/4/2025,1129,2033,403,0,1672.5,3.00,Online
1738,5/4/2025,1195,2004,404,0,2781.75,2.00,Online
1739,5/4/2025,1098,2057,403,3,1310.94,9.00,Online
1740,5/4/2025,1113,2058,401,0,2000.25,20.00,CreditCard
1741,5/4/2025,1045,2071,403,1,0,3.00,Cash
1742,5/4/2025,1125,2055,402,2,86.3,18.00,Cash
1743,5/4/2025,1183,2049,404,0,1879.68,11.00,Cash
1744,5/4/2025,1145,2086,404,3,2682.3,12.00,Online
1745,5/4/2025,1121,2071,402,0,1845.48,25.00,Cash
1746,5/4/2025,1100,2033,404,3,2508.75,14.00,Online
1747,5/4/2025,1157,2086,403,2,1430.56,24.00,Online
1748,5/4/2025,1082,2007,401,0,1750.17,0.00,CreditCard
1749,5/4/2025,1032,2046,403,0,167.15,25.00,Cash
1750,5/4/2025,1195,2080,403,3,3329.04,10.00,Cash
1751,5/4/2025,1024,2054,403,2,0,6.00,Cash
1752,5/4/2025,1105,2044,401,1,373.64,17.00,CreditCard
1753,5/4/2025,1063,2030,403,0,509.91,10.00,CreditCard
1754,5/4/2025,1176,2008,403,0,133.18,2.00,Online
1755,5/4/2025,1086,2021,401,2,2004.98,10.00,Cash
1756,5/4/2025,1009,2058,404,3,2000.25,3.00,Cash
1757,5/4/2025,1068,2002,404,0,0,23.00,Cash
1758,5/4/2025,1081,2048,404,2,572.21,11.00,CreditCard
1759,5/4/2025,1146,2012,404,0,623.19,2.00,CreditCard
1760,5/4/2025,1176,2086,402,2,1430.56,15.00,Online
1761,5/4/2025,1127,2064,403,1,529.27,23.00,CreditCard
1762,5/4/2025,1157,2038,403,3,4632.55,13.00,CreditCard
1763,5/4/2025,1051,2063,401,1,0,17.00,CreditCard
1764,5/4/2025,1073,2033,401,2,1338,12.00,Cash
1765,5/4/2025,1146,2051,402,0,0,5.00,Cash
1766,5/4/2025,1183,2074,401,2,0,5.00,CreditCard
1767,5/4/2025,1069,2008,404,3,66.59,8.00,Online
1768,5/4/2025,1053,2044,401,2,332.13,10.00,CreditCard
1769,5/4/2025,1129,2038,404,2,0,17.00,Cash
1770,5/4/2025,1051,2053,404,2,488.12,17.00,Cash
1771,5/4/2025,1159,2065,404,1,1693.22,17.00,Cash
1772,5/4/2025,1004,2080,402,3,3329.04,0.00,Cash
1773,5/4/2025,1054,2084,404,2,901.92,12.00,Online
1774,5/4/2025,1163,2068,404,0,1640.48,13.00,Cash
1775,5/4/2025,1133,2025,403,3,838.86,7.00,Cash
1776,5/4/2025,1037,2030,402,2,271.95,19.00,Online
1777,5/4/2025,1111,2052,403,0,731.26,16.00,CreditCard
1778,5/4/2025,1162,2026,404,2,169.25,4.00,CreditCard
1779,5/4/2025,1073,2082,402,2,213.28,10.00,CreditCard
1780,5/4/2025,1175,2076,402,3,806.07,9.00,CreditCard
1781,5/4/2025,1061,2014,402,1,665.01,16.00,CreditCard
1782,5/4/2025,1007,2031,403,3,1695.9,13.00,CreditCard
1783,5/4/2025,1124,2071,404,3,1845.48,19.00,CreditCard
1784,5/4/2025,1165,2004,402,1,1669.05,8.00,Online
1785,5/4/2025,1069,2017,401,2,0,16.00,Online
1786,5/4/2025,1071,2084,402,0,281.85,8.00,CreditCard
1787,5/4/2025,1184,2062,401,0,2477.44,23.00,CreditCard
1788,5/4/2025,1021,2040,403,0,69.08,22.00,CreditCard
1789,5/4/2025,1104,2046,401,3,167.15,14.00,Online
1790,5/4/2025,1185,2017,402,0,1854.8,14.00,Cash
1791,5/4/2025,1146,2094,401,2,789.36,16.00,Online
1792,5/4/2025,1127,2011,402,0,409.74,22.00,Online
1793,5/4/2025,1197,2040,403,3,138.16,18.00,Cash
1794,5/4/2025,1191,2095,402,3,1963.16,19.00,Cash
1795,5/4/2025,1055,2018,401,1,488.03,12.00,Online
1796,5/4/2025,1054,2035,404,3,899.99,8.00,Cash
1797,5/4/2025,1065,2075,401,3,3903.2,16.00,Cash
1798,5/4/2025,1136,2047,401,2,267.98,20.00,Cash
1799,5/4/2025,1139,2054,404,1,3241.84,24.00,CreditCard
1800,5/4/2025,1071,2018,403,3,0,9.00,Cash
1801,5/4/2025,1183,2047,403,0,1004.94,2.00,Online
1802,5/4/2025,1165,2077,401,0,1685.49,2.00,Online
1803,5/4/2025,1176,2085,402,2,581.16,6.00,Cash
1804,5/4/2025,1141,2049,403,2,1503.74,12.00,Cash
1805,5/4/2025,1175,2015,402,3,674.97,2.00,Cash
1806,5/4/2025,1099,2001,404,2,0,7.00,CreditCard
1807,5/4/2025,1077,2011,402,2,655.58,18.00,CreditCard
1808,5/4/2025,1053,2020,404,2,601.33,13.00,Cash
1809,5/4/2025,1196,2082,404,0,533.2,25.00,Cash
1810,5/4/2025,1070,2010,404,3,311.36,15.00,Online
1811,5/4/2025,1188,2052,403,3,2925.04,11.00,Online
1812,5/4/2025,1025,2020,403,0,375.83,14.00,Online
1813,5/4/2025,1090,2053,403,3,1830.45,4.00,Cash
1814,5/4/2025,1177,2003,401,1,346.66,21.00,Online
1815,5/4/2025,1161,2056,402,0,1049.44,22.00,Online
1816,5/4/2025,1102,2025,403,2,0,8.00,Cash
1817,5/4/2025,1147,2010,401,1,70.06,24.00,CreditCard
1818,5/4/2025,1063,2066,402,3,516.06,15.00,Online
1819,5/4/2025,1081,2057,404,1,786.56,12.00,CreditCard
1820,5/4/2025,1066,2022,403,2,536.94,9.00,CreditCard
1821,5/4/2025,1050,2010,404,2,62.27,13.00,Online
1822,5/4/2025,1046,2050,404,1,336.2,23.00,Online
1823,5/4/2025,1005,2002,402,0,3464,17.00,Cash
1824,5/4/2025,1118,2025,403,1,0,13.00,Cash
1825,5/4/2025,1012,2051,404,2,93.86,22.00,CreditCard
1826,5/4/2025,1038,2011,403,1,1475.06,18.00,Cash
1827,5/4/2025,1145,2015,401,3,2024.91,10.00,Online
1828,5/4/2025,1197,2058,404,0,666.75,19.00,Online
1829,5/4/2025,1057,2091,402,1,815.21,25.00,CreditCard
1830,5/4/2025,1005,2034,403,3,544.68,22.00,Online
1831,5/4/2025,1097,2016,404,1,290.72,4.00,Online
1832,5/4/2025,1153,2027,403,1,698.25,13.00,CreditCard
1833,5/4/2025,1107,2023,404,1,2536.76,0.00,Cash
1834,5/4/2025,1007,2037,403,1,648.25,14.00,CreditCard
1835,5/4/2025,1158,2057,402,2,699.17,0.00,Cash
1836,5/4/2025,1149,2087,404,0,637.28,16.00,Online
1837,5/4/2025,1002,2060,402,2,326.7,0.00,CreditCard
1838,5/4/2025,1177,2050,402,3,186.78,25.00,Online
1839,5/4/2025,1181,2054,403,0,1801.02,4.00,Cash
1840,5/4/2025,1024,2071,401,0,615.16,22.00,Online
1841,5/4/2025,1085,2030,404,2,407.93,17.00,Cash
1842,5/4/2025,1155,2085,401,0,726.45,16.00,Online
1843,5/4/2025,1064,2064,404,2,940.93,10.00,CreditCard
1844,5/4/2025,1101,2085,403,1,217.94,4.00,Online
1845,5/4/2025,1143,2005,402,2,343.02,1.00,Cash
1846,5/4/2025,1043,2064,404,2,235.23,7.00,CreditCard
1847,5/4/2025,1119,2016,401,2,258.42,6.00,Cash
1848,5/4/2025,1181,2067,404,1,523.71,9.00,CreditCard
1849,5/4/2025,1066,2014,403,0,0,4.00,Cash
1850,5/4/2025,1032,2063,403,2,441.97,22.00,Online
1851,5/4/2025,1110,2036,403,2,348.77,24.00,Cash
1852,5/4/2025,1132,2040,404,1,124.34,4.00,CreditCard
1853,5/4/2025,1080,2094,404,1,0,17.00,Online
1854,5/4/2025,1142,2084,404,0,0,6.00,CreditCard
1855,5/4/2025,1048,2019,401,1,840.54,23.00,Online
1856,5/4/2025,1046,2004,404,2,741.8,23.00,CreditCard
1857,5/4/2025,1041,2090,404,3,358.2,16.00,Online
1858,5/4/2025,1029,2063,401,3,1657.38,23.00,CreditCard
1859,5/4/2025,1091,2090,404,3,214.92,2.00,Online
1860,5/4/2025,1126,2014,402,0,492.6,2.00,CreditCard
1861,5/4/2025,1089,2011,402,2,1638.96,4.00,Cash
1862,5/4/2025,1046,2021,403,1,2255.61,13.00,Online
1863,5/4/2025,1149,2000,402,3,4846.55,20.00,Cash
1864,5/4/2025,1019,2031,404,0,1695.9,5.00,Online
1865,5/4/2025,1084,2003,403,0,0,16.00,Online
1866,5/4/2025,1100,2047,401,2,803.95,21.00,Online
1867,5/4/2025,1039,2003,401,3,1155.54,16.00,Cash
1868,5/4/2025,1181,2084,404,3,1127.4,20.00,Online
1869,5/4/2025,1160,2034,401,2,326.81,7.00,Online
1870,5/4/2025,1011,2083,404,2,614.53,9.00,Cash
1871,5/4/2025,1187,2093,402,1,680.35,23.00,Online
1872,5/4/2025,1012,2082,403,2,853.12,25.00,CreditCard
1873,5/4/2025,1014,2095,401,3,0,21.00,CreditCard
1874,5/4/2025,1023,2051,403,1,211.18,10.00,Online
1875,5/4/2025,1061,2098,404,0,2723.58,14.00,Cash
1876,5/4/2025,1005,2026,402,3,211.56,10.00,Online
1877,5/4/2025,1199,2051,403,1,0,6.00,Online
1878,5/4/2025,1030,2038,404,3,3706.04,17.00,Cash
1879,5/4/2025,1188,2039,402,2,1562.3,12.00,Online
1880,5/4/2025,1170,2012,403,1,560.87,23.00,Online
1881,5/4/2025,1125,2057,404,3,1310.94,17.00,Online
1882,5/4/2025,1068,2072,404,0,420.3,0.00,Cash
1883,5/4/2025,1193,2054,403,1,0,2.00,Cash
1884,5/4/2025,1111,2080,404,0,1664.52,10.00,Cash
1885,5/4/2025,1010,2065,403,3,0,16.00,Cash
1886,5/4/2025,1173,2028,402,3,2551.76,0.00,CreditCard
1887,5/4/2025,1134,2080,401,2,1331.62,23.00,CreditCard
1888,5/4/2025,1119,2055,401,3,269.7,25.00,CreditCard
1889,5/4/2025,1076,2019,402,2,747.14,6.00,Cash
1890,5/4/2025,1063,2066,404,2,0,15.00,Online
1891,5/4/2025,1145,2006,401,0,0,4.00,Cash
1892,5/4/2025,1131,2013,404,3,4676.8,16.00,CreditCard
1893,5/4/2025,1024,2059,403,2,0,20.00,CreditCard
1894,5/4/2025,1065,2074,401,0,3297.5,1.00,CreditCard
1895,5/4/2025,1029,2094,404,1,0,23.00,CreditCard
1896,5/4/2025,1046,2050,401,0,560.34,1.00,CreditCard
1897,5/4/2025,1106,2090,403,2,114.62,14.00,Online
1898,5/4/2025,1150,2092,404,3,482.21,6.00,Cash
1899,5/4/2025,1159,2033,403,1,752.62,12.00,CreditCard
1900,5/4/2025,1054,2023,401,2,751.63,2.00,Cash
1901,5/4/2025,1172,2013,404,0,1870.72,15.00,Online
1902,5/4/2025,1001,2050,401,0,560.34,12.00,CreditCard
1903,5/4/2025,1043,2083,404,3,2304.48,17.00,Cash
1904,5/4/2025,1177,2051,404,2,281.57,19.00,Cash
1905,5/4/2025,1158,2078,403,3,568.04,15.00,Cash
1906,5/4/2025,1077,2011,402,1,368.77,15.00,Cash
1907,5/4/2025,1003,2024,401,0,248.54,10.00,CreditCard
1908,5/4/2025,1178,2024,401,1,223.69,9.00,Online
1909,5/4/2025,1123,2083,402,1,1382.69,9.00,Cash
1910,5/4/2025,1111,2080,402,0,3329.04,4.00,Cash
1911,5/4/2025,1077,2098,404,1,817.07,18.00,Online
1912,5/4/2025,1121,2054,401,0,0,20.00,CreditCard
1913,5/4/2025,1042,2019,404,3,933.93,6.00,Cash
1914,5/4/2025,1120,2002,404,1,1558.8,12.00,Cash
1915,5/4/2025,1051,2037,404,0,0,1.00,CreditCard
1916,5/4/2025,1085,2001,401,3,412.35,3.00,Cash
1917,5/4/2025,1106,2063,403,0,0,19.00,CreditCard
1918,5/4/2025,1124,2051,404,3,351.96,22.00,CreditCard
1919,5/4/2025,1059,2091,401,0,1811.58,8.00,Cash
1920,5/4/2025,1108,2073,403,0,1498.29,0.00,Online
1921,5/4/2025,1068,2082,404,3,0,25.00,CreditCard
1922,5/4/2025,1029,2063,403,3,3314.76,11.00,Online
1923,5/4/2025,1178,2055,401,1,242.73,20.00,Online
1924,5/4/2025,1073,2092,402,3,482.21,15.00,Cash
1925,5/4/2025,1088,2056,402,1,1888.99,12.00,CreditCard
1926,5/4/2025,1150,2087,403,3,477.96,7.00,Cash
1927,5/4/2025,1033,2037,404,3,1440.56,22.00,Online
1928,5/4/2025,1172,2083,403,3,2304.48,15.00,Cash
1929,5/4/2025,1041,2079,402,2,2281.3,24.00,CreditCard
1930,5/4/2025,1176,2095,401,3,1472.37,13.00,Cash
1931,5/4/2025,1033,2022,402,1,1208.12,17.00,Cash
1932,5/4/2025,1155,2062,401,3,1858.08,19.00,CreditCard
1933,5/4/2025,1126,2038,402,1,1667.72,3.00,CreditCard
1934,5/4/2025,1142,2006,401,2,0,25.00,Cash
1935,5/4/2025,1066,2045,402,1,1123.7,13.00,Online
1936,5/4/2025,1128,2004,401,2,2967.2,9.00,Online
1937,5/4/2025,1110,2014,402,0,246.3,14.00,CreditCard
1938,5/4/2025,1143,2028,404,2,1531.06,24.00,CreditCard
1939,5/4/2025,1087,2045,401,2,0,5.00,Cash
1940,5/4/2025,1038,2088,401,0,1418.7,9.00,CreditCard
1941,5/4/2025,1112,2058,401,0,0,20.00,Cash
1942,5/4/2025,1005,2078,401,0,426.03,24.00,Cash
1943,5/4/2025,1129,2013,402,0,1870.72,4.00,CreditCard
1944,5/4/2025,1052,2046,402,2,26.74,23.00,CreditCard
1945,5/4/2025,1181,2056,404,0,0,25.00,Online
1946,5/4/2025,1039,2082,403,2,0,20.00,CreditCard
1947,5/4/2025,1035,2015,402,3,3374.85,23.00,Online
1948,5/4/2025,1106,2098,401,1,1634.15,1.00,Online
1949,5/4/2025,1121,2043,403,1,1572.21,10.00,Online
1950,5/4/2025,1021,2034,403,3,544.68,11.00,Online
1951,5/4/2025,1092,2080,402,1,3745.17,7.00,CreditCard
1952,5/4/2025,1192,2096,404,1,1814.89,22.00,Cash
1953,5/4/2025,1035,2054,404,3,0,4.00,CreditCard
1954,5/4/2025,1117,2066,403,0,0,5.00,CreditCard
1955,5/4/2025,1113,2018,401,0,1084.52,16.00,Cash
1956,5/4/2025,1021,2043,403,3,2620.35,24.00,CreditCard
1957,5/4/2025,1197,2021,404,0,1670.82,18.00,CreditCard
1958,5/4/2025,1100,2097,401,1,2273.67,18.00,Online
1959,5/4/2025,1147,2007,403,3,0,10.00,CreditCard
1960,5/4/2025,1102,2087,403,2,0,21.00,Online
1961,5/4/2025,1088,2001,403,1,1113.34,21.00,Cash
1962,5/4/2025,1179,2051,404,1,211.18,11.00,Online
1963,5/4/2025,1139,2079,404,2,2281.3,22.00,CreditCard
1964,5/4/2025,1005,2083,404,1,691.34,10.00,CreditCard
1965,5/4/2025,1077,2010,401,2,186.82,20.00,Cash
1966,5/4/2025,1099,2092,402,2,1157.3,14.00,Online
1967,5/4/2025,1054,2011,403,2,327.79,7.00,CreditCard
1968,5/4/2025,1193,2081,402,0,2238.66,20.00,Online
1969,5/4/2025,1007,2069,403,1,836.6,15.00,CreditCard
1970,5/4/2025,1198,2038,404,0,1853.02,6.00,CreditCard
1971,5/4/2025,1187,2007,403,2,466.71,22.00,Cash
1972,5/4/2025,1160,2064,403,0,1176.16,11.00,CreditCard
1973,5/4/2025,1012,2096,401,3,672.18,3.00,Cash
1974,5/4/2025,1076,2073,401,3,499.43,13.00,CreditCard
1975,5/4/2025,1086,2030,402,2,407.93,11.00,Cash
1976,5/4/2025,1076,2036,402,3,217.98,6.00,Cash
1977,5/4/2025,1133,2094,402,0,1973.4,20.00,Online
1978,5/4/2025,1083,2066,402,2,1238.54,6.00,Online
1979,5/4/2025,1116,2012,402,3,0,23.00,CreditCard
1980,5/4/2025,1105,2010,401,0,155.68,23.00,CreditCard
1981,5/4/2025,1108,2016,404,1,872.15,13.00,CreditCard
1982,5/4/2025,1114,2009,403,3,198.93,2.00,Online
1983,5/4/2025,1150,2071,404,2,492.13,7.00,CreditCard
1984,5/4/2025,1149,2063,404,3,2762.3,23.00,Online
1985,5/4/2025,1176,2062,404,1,557.42,25.00,Online
1986,5/4/2025,1036,2064,402,3,294.04,10.00,CreditCard
1987,5/4/2025,1182,2058,402,0,0,8.00,Online
1988,5/4/2025,1177,2027,404,3,1034.44,10.00,Cash
1989,5/4/2025,1008,2095,402,2,0,12.00,Cash
1990,5/4/2025,1030,2077,404,0,1123.66,20.00,CreditCard
1991,5/4/2025,1030,2047,403,0,334.98,13.00,CreditCard
1992,5/4/2025,1133,2019,401,2,747.14,1.00,Online
1993,5/4/2025,1078,2047,403,2,535.97,1.00,CreditCard
1994,5/4/2025,1124,2003,402,1,1386.65,6.00,Online
1995,5/4/2025,1005,2075,404,0,3122.56,10.00,Cash
1996,5/4/2025,1078,2036,402,1,588.55,23.00,Online
1997,5/4/2025,1189,2062,401,0,2477.44,24.00,Online
1998,5/4/2025,1140,2044,401,0,207.58,20.00,Cash
1999,5/4/2025,1106,2061,403,3,599.76,17.00,CreditCard
2000,5/4/2025,1086,2048,404,1,321.87,21.00,CreditCard
6,5/4/2025,1089,2028,401,0,1275.88,20.00,Cash
